date,close,high,low,open,volume,adjClose,adjHigh,adjLow,adjOpen,adjVolume,divCash,splitFactor
2020-09-25 00:00:00+00:00,26.2,29.49,23.6931,25.23,2828035,26.2,29.49,23.6931,25.23,2828035,0,1
2020-09-28 00:00:00+00:00,27.79,31.44,25.25,25.36,450838,27.79,31.44,25.25,25.36,450838,0,1
2020-09-29 00:00:00+00:00,28.84,30.02,26.03,27.32,424634,28.84,30.02,26.03,27.32,424634,0,1
2020-09-30 00:00:00+00:00,30.13,30.31,27.2,28.4,129553,30.13,30.31,27.2,28.4,129553,0,1
2020-10-01 00:00:00+00:00,33.5,34.88,30.51,31.45,1223420,33.5,34.88,30.51,31.45,1223420,0,1
2020-10-02 00:00:00+00:00,33.01,36.3273,31.4661,32.93,226060,33.01,36.3273,31.4661,32.93,226060,0,1
2020-10-05 00:00:00+00:00,34.61,35.99,32.3301,33.36,328636,34.61,35.99,32.3301,33.36,328636,0,1
2020-10-06 00:00:00+00:00,39.53,41.0,33.97,35.0,219137,39.53,41.0,33.97,35.0,219137,0,1
2020-10-07 00:00:00+00:00,45.18,50.19,39.52,39.88,527406,45.18,50.19,39.52,39.88,527406,0,1
2020-10-08 00:00:00+00:00,43.23,47.2928,42.0,46.35,144653,43.23,47.2928,42.0,46.35,144653,0,1
2020-10-09 00:00:00+00:00,43.59,48.7699,42.19,42.92,115190,43.59,48.7699,42.19,42.92,115190,0,1
2020-10-12 00:00:00+00:00,44.17,46.3352,43.63,43.65,86063,44.17,46.3352,43.63,43.65,86063,0,1
2020-10-13 00:00:00+00:00,38.94,46.15,38.87,46.15,119297,38.94,46.15,38.87,46.15,119297,0,1
2020-10-14 00:00:00+00:00,35.01,41.2199,33.825,39.73,176964,35.01,41.2199,33.825,39.73,176964,0,1
2020-10-15 00:00:00+00:00,34.01,36.55,33.03,34.45,99543,34.01,36.55,33.03,34.45,99543,0,1
2020-10-16 00:00:00+00:00,31.0,34.87,31.0,34.05,108638,31.0,34.87,31.0,34.05,108638,0,1
2020-10-19 00:00:00+00:00,32.69,34.06,31.54,31.54,119879,32.69,34.06,31.54,31.54,119879,0,1
2020-10-20 00:00:00+00:00,29.02,33.45,29.02,32.04,202357,29.02,33.45,29.02,32.04,202357,0,1
2020-10-21 00:00:00+00:00,28.81,30.76,28.81,29.19,184052,28.81,30.76,28.81,29.19,184052,0,1
2020-10-22 00:00:00+00:00,29.62,30.9999,27.53,28.88,150235,29.62,30.9999,27.53,28.88,150235,0,1
2020-10-23 00:00:00+00:00,30.06,31.7199,29.7301,29.86,134771,30.06,31.7199,29.7301,29.86,134771,0,1
2020-10-26 00:00:00+00:00,32.35,32.795,30.0301,30.1,114453,32.35,32.795,30.0301,30.1,114453,0,1
2020-10-27 00:00:00+00:00,36.75,37.99,31.6,32.34,168480,36.75,37.99,31.6,32.34,168480,0,1
2020-10-28 00:00:00+00:00,36.0,37.65,33.844,36.1,187487,36.0,37.65,33.844,36.1,187487,0,1
2020-10-29 00:00:00+00:00,34.78,36.55,33.905,36.07,54125,34.78,36.55,33.905,36.07,54125,0,1
2020-10-30 00:00:00+00:00,35.23,35.81,33.87,34.78,173990,35.23,35.81,33.87,34.78,173990,0,1
2020-11-02 00:00:00+00:00,34.79,36.76,33.88,36.76,93263,34.79,36.76,33.88,36.76,93263,0,1
2020-11-03 00:00:00+00:00,36.06,36.335,34.1429,34.93,164926,36.06,36.335,34.1429,34.93,164926,0,1
2020-11-04 00:00:00+00:00,41.27,41.98,36.095,36.41,111776,41.27,41.98,36.095,36.41,111776,0,1
2020-11-05 00:00:00+00:00,46.02,49.81,40.5525,41.32,176550,46.02,49.81,40.5525,41.32,176550,0,1
2020-11-06 00:00:00+00:00,43.87,45.2669,41.16,45.01,73480,43.87,45.2669,41.16,45.01,73480,0,1
2020-11-09 00:00:00+00:00,41.5,46.48,41.48,44.32,136323,41.5,46.48,41.48,44.32,136323,0,1
2020-11-10 00:00:00+00:00,39.53,42.1699,37.84,40.5,67923,39.53,42.1699,37.84,40.5,67923,0,1
2020-11-11 00:00:00+00:00,40.1,41.89,38.69,39.16,52396,40.1,41.89,38.69,39.16,52396,0,1
2020-11-12 00:00:00+00:00,42.53,43.13,39.65,39.65,52649,42.53,43.13,39.65,39.65,52649,0,1
2020-11-13 00:00:00+00:00,47.83,48.2999,42.0,42.98,119534,47.83,48.2999,42.0,42.98,119534,0,1
2020-11-16 00:00:00+00:00,47.84,48.75,45.7402,48.0,60874,47.84,48.75,45.7402,48.0,60874,0,1
2020-11-17 00:00:00+00:00,51.7,52.63,47.01,47.38,123527,51.7,52.63,47.01,47.38,123527,0,1
2020-11-18 00:00:00+00:00,52.9,57.6579,51.7,51.7,119464,52.9,57.6579,51.7,51.7,119464,0,1
2020-11-19 00:00:00+00:00,54.95,57.67,52.68,52.68,65812,54.95,57.67,52.68,52.68,65812,0,1
2020-11-20 00:00:00+00:00,51.71,54.6739,50.88,53.38,87861,51.71,54.6739,50.88,53.38,87861,0,1
2020-11-23 00:00:00+00:00,48.64,54.1154,47.96,52.16,90731,48.64,54.1154,47.96,52.16,90731,0,1
2020-11-24 00:00:00+00:00,46.91,51.325,46.3,48.91,102213,46.91,51.325,46.3,48.91,102213,0,1
2020-11-25 00:00:00+00:00,45.35,48.4522,44.91,46.47,88520,45.35,48.4522,44.91,46.47,88520,0,1
2020-11-27 00:00:00+00:00,47.67,48.095,44.6097,45.39,40321,47.67,48.095,44.6097,45.39,40321,0,1
2020-11-30 00:00:00+00:00,51.47,54.27,47.42,48.07,203860,51.47,54.27,47.42,48.07,203860,0,1
2020-12-01 00:00:00+00:00,50.97,54.634,50.74,53.29,189635,50.97,54.634,50.74,53.29,189635,0,1
2020-12-02 00:00:00+00:00,49.96,51.925,49.19,50.9267,99329,49.96,51.925,49.19,50.9267,99329,0,1
2020-12-03 00:00:00+00:00,50.56,52.99,49.0793,49.99,94413,50.56,52.99,49.0793,49.99,94413,0,1
2020-12-04 00:00:00+00:00,51.71,53.88,50.7399,50.81,132242,51.71,53.88,50.7399,50.81,132242,0,1
2020-12-07 00:00:00+00:00,49.97,52.9962,49.63,50.58,126404,49.97,52.9962,49.63,50.58,126404,0,1
2020-12-08 00:00:00+00:00,49.5,51.66,49.27,50.0,186824,49.5,51.66,49.27,50.0,186824,0,1
2020-12-09 00:00:00+00:00,50.07,51.925,49.01,49.61,122749,50.07,51.925,49.01,49.61,122749,0,1
2020-12-10 00:00:00+00:00,59.5,63.5,48.376,49.87,231692,59.5,63.5,48.376,49.87,231692,0,1
2020-12-11 00:00:00+00:00,62.14,64.2,56.83,59.13,128084,62.14,64.2,56.83,59.13,128084,0,1
2020-12-14 00:00:00+00:00,72.67,75.0,62.37,63.2,234837,72.67,75.0,62.37,63.2,234837,0,1
2020-12-15 00:00:00+00:00,69.92,73.645,66.91,73.2,147452,69.92,73.645,66.91,73.2,147452,0,1
2020-12-16 00:00:00+00:00,71.84,72.64,69.31,70.22,131087,71.84,72.64,69.31,70.22,131087,0,1
2020-12-17 00:00:00+00:00,76.46,76.97,71.33,72.56,239216,76.46,76.97,71.33,72.56,239216,0,1
2020-12-18 00:00:00+00:00,76.1,82.64,73.46,79.05,1732814,76.1,82.64,73.46,79.05,1732814,0,1
2020-12-21 00:00:00+00:00,77.8,78.21,70.02,75.5,281858,77.8,78.21,70.02,75.5,281858,0,1
2020-12-22 00:00:00+00:00,82.72,83.39,76.27,78.85,177740,82.72,83.39,76.27,78.85,177740,0,1
2020-12-23 00:00:00+00:00,83.47,85.78,80.44,82.38,111651,83.47,85.78,80.44,82.38,111651,0,1
2020-12-24 00:00:00+00:00,88.94,89.06,81.99,82.3,104103,88.94,89.06,81.99,82.3,104103,0,1
2020-12-28 00:00:00+00:00,83.81,88.65,81.83,88.56,136905,83.81,88.65,81.83,88.56,136905,0,1
2020-12-29 00:00:00+00:00,84.14,84.845,79.1906,82.39,143925,84.14,84.845,79.1906,82.39,143925,0,1
2020-12-30 00:00:00+00:00,75.43,84.89,74.95,84.15,136405,75.43,84.89,74.95,84.15,136405,0,1
2020-12-31 00:00:00+00:00,71.55,75.7,71.26,74.24,152420,71.55,75.7,71.26,74.24,152420,0,1
2021-01-04 00:00:00+00:00,67.46,73.41,66.2,71.51,247143,67.46,73.41,66.2,71.51,247143,0,1
2021-01-05 00:00:00+00:00,59.81,65.66,58.15,65.47,476843,59.81,65.66,58.15,65.47,476843,0,1
2021-01-06 00:00:00+00:00,62.82,63.56,53.77,59.25,671040,62.82,63.56,53.77,59.25,671040,0,1
2021-01-07 00:00:00+00:00,66.96,71.39,64.115,64.35,1197428,66.96,71.39,64.115,64.35,1197428,0,1
2021-01-08 00:00:00+00:00,66.46,71.49,65.995,66.42,285435,66.46,71.49,65.995,66.42,285435,0,1
2021-01-11 00:00:00+00:00,68.22,69.05,62.72,66.09,293506,68.22,69.05,62.72,66.09,293506,0,1
2021-01-12 00:00:00+00:00,69.76,72.095,66.0,66.73,191631,69.76,72.095,66.0,66.73,191631,0,1
2021-01-13 00:00:00+00:00,70.65,74.24,68.32,69.77,103766,70.65,74.24,68.32,69.77,103766,0,1
2021-01-14 00:00:00+00:00,75.17,75.67,70.66,70.66,97248,75.17,75.67,70.66,70.66,97248,0,1
2021-01-15 00:00:00+00:00,74.45,76.75,72.035,74.94,240907,74.45,76.75,72.035,74.94,240907,0,1
2021-01-19 00:00:00+00:00,74.55,76.2,71.81,74.87,133916,74.55,76.2,71.81,74.87,133916,0,1
2021-01-20 00:00:00+00:00,75.68,76.19,72.64,74.04,261181,75.68,76.19,72.64,74.04,261181,0,1
2021-01-21 00:00:00+00:00,76.54,79.9699,74.12,75.64,171055,76.54,79.9699,74.12,75.64,171055,0,1
2021-01-22 00:00:00+00:00,74.43,77.54,71.13,75.64,194019,74.43,77.54,71.13,75.64,194019,0,1
2021-01-25 00:00:00+00:00,74.99,77.08,71.855,74.01,304567,74.99,77.08,71.855,74.01,304567,0,1
2021-01-26 00:00:00+00:00,69.93,75.08,69.0,75.08,533481,69.93,75.08,69.0,75.08,533481,0,1
2021-01-27 00:00:00+00:00,64.68,70.94,62.6,68.25,436948,64.68,70.94,62.6,68.25,436948,0,1
2021-01-28 00:00:00+00:00,66.42,69.4499,64.28,65.8,183475,66.42,69.4499,64.28,65.8,183475,0,1
2021-01-29 00:00:00+00:00,64.95,67.44,62.4,66.95,130402,64.95,67.44,62.4,66.95,130402,0,1
2021-02-01 00:00:00+00:00,69.48,69.99,64.575,65.81,246297,69.48,69.99,64.575,65.81,246297,0,1
2021-02-02 00:00:00+00:00,74.49,74.51,69.01,70.22,66256,74.49,74.51,69.01,70.22,66256,0,1
2021-02-03 00:00:00+00:00,75.62,75.97,72.3256,74.92,37879,75.62,75.97,72.3256,74.92,37879,0,1
2021-02-04 00:00:00+00:00,79.6,79.61,75.21,75.21,79515,79.6,79.61,75.21,75.21,79515,0,1
2021-02-05 00:00:00+00:00,84.21,85.0,79.3,80.0,152575,84.21,85.0,79.3,80.0,152575,0,1
2021-02-08 00:00:00+00:00,85.78,86.0,82.005,84.5,147740,85.78,86.0,82.005,84.5,147740,0,1
2021-02-09 00:00:00+00:00,90.03,91.79,83.975,85.06,116029,90.03,91.79,83.975,85.06,116029,0,1
2021-02-10 00:00:00+00:00,91.68,95.375,90.06,90.06,96555,91.68,95.375,90.06,90.06,96555,0,1
2021-02-11 00:00:00+00:00,88.89,91.46,85.26,91.46,72013,88.89,91.46,85.26,91.46,72013,0,1
2021-02-12 00:00:00+00:00,88.98,90.79,86.44,87.59,51232,88.98,90.79,86.44,87.59,51232,0,1
2021-02-16 00:00:00+00:00,86.05,90.8,85.21,88.86,140419,86.05,90.8,85.21,88.86,140419,0,1
2021-02-17 00:00:00+00:00,84.36,86.69,82.12,84.4,63493,84.36,86.69,82.12,84.4,63493,0,1
2021-02-18 00:00:00+00:00,76.27,85.05,75.39,82.63,82060,76.27,85.05,75.39,82.63,82060,0,1
2021-02-19 00:00:00+00:00,76.96,78.91,74.364,76.37,84092,76.96,78.91,74.364,76.37,84092,0,1
2021-02-22 00:00:00+00:00,72.78,76.67,71.19,76.62,141422,72.78,76.67,71.19,76.62,141422,0,1
2021-02-23 00:00:00+00:00,68.11,71.61,66.41,71.45,169920,68.11,71.61,66.41,71.45,169920,0,1
2021-02-24 00:00:00+00:00,66.72,71.0,66.14,67.94,136461,66.72,71.0,66.14,67.94,136461,0,1
2021-02-25 00:00:00+00:00,64.33,70.15,62.38,66.21,109226,64.33,70.15,62.38,66.21,109226,0,1
2021-02-26 00:00:00+00:00,62.33,69.6999,61.46,65.5,139306,62.33,69.6999,61.46,65.5,139306,0,1
2021-03-01 00:00:00+00:00,67.69,68.315,63.18,63.18,89605,67.69,68.315,63.18,63.18,89605,0,1
2021-03-02 00:00:00+00:00,62.53,71.82,62.435,67.62,105949,62.53,71.82,62.435,67.62,105949,0,1
2021-03-03 00:00:00+00:00,59.53,62.22,58.105,62.19,117181,59.53,62.22,58.105,62.19,117181,0,1
2021-03-04 00:00:00+00:00,55.8,59.5,53.12,59.5,110331,55.8,59.5,53.12,59.5,110331,0,1
2021-03-05 00:00:00+00:00,56.79,57.2154,50.4312,55.8,121910,56.79,57.2154,50.4312,55.8,121910,0,1
2021-03-08 00:00:00+00:00,52.88,58.6995,52.45,56.48,75690,52.88,58.6995,52.45,56.48,75690,0,1
2021-03-09 00:00:00+00:00,56.06,60.71,54.62,55.19,117852,56.06,60.71,54.62,55.19,117852,0,1
2021-03-10 00:00:00+00:00,57.96,59.32,56.14,57.96,66616,57.96,59.32,56.14,57.96,66616,0,1
2021-03-11 00:00:00+00:00,58.7,60.33,56.81,60.11,80184,58.7,60.33,56.81,60.11,80184,0,1
2021-03-12 00:00:00+00:00,57.38,58.99,55.565,58.99,66970,57.38,58.99,55.565,58.99,66970,0,1
2021-03-15 00:00:00+00:00,57.81,59.64,55.9,57.86,191118,57.81,59.64,55.9,57.86,191118,0,1
2021-03-16 00:00:00+00:00,55.85,62.75,55.34,60.36,106260,55.85,62.75,55.34,60.36,106260,0,1
2021-03-17 00:00:00+00:00,56.32,59.16,53.61,58.66,112744,56.32,59.16,53.61,58.66,112744,0,1
2021-03-18 00:00:00+00:00,52.61,57.29,52.05,56.05,88771,52.61,57.29,52.05,56.05,88771,0,1
2021-03-19 00:00:00+00:00,54.67,60.39,52.52,52.99,1333986,54.67,60.39,52.52,52.99,1333986,0,1
2021-03-22 00:00:00+00:00,58.39,59.25,52.585,55.59,265854,58.39,59.25,52.585,55.59,265854,0,1
2021-03-23 00:00:00+00:00,55.32,60.03,54.77,58.39,207645,55.32,60.03,54.77,58.39,207645,0,1
2021-03-24 00:00:00+00:00,49.44,56.03,49.07,55.0,625047,49.44,56.03,49.07,55.0,625047,0,1
2021-03-25 00:00:00+00:00,45.98,48.35,43.59,48.35,375472,45.98,48.35,43.59,48.35,375472,0,1
2021-03-26 00:00:00+00:00,42.59,46.24,41.12,46.24,160594,42.59,46.24,41.12,46.24,160594,0,1
2021-03-29 00:00:00+00:00,39.31,43.02,38.04,42.0,296871,39.31,43.02,38.04,42.0,296871,0,1
2021-03-30 00:00:00+00:00,39.27,40.23,37.01,39.12,265770,39.27,40.23,37.01,39.12,265770,0,1
2021-03-31 00:00:00+00:00,43.33,43.64,39.55,39.88,163897,43.33,43.64,39.55,39.88,163897,0,1
2021-04-01 00:00:00+00:00,41.25,45.42,40.17,43.98,242048,41.25,45.42,40.17,43.98,242048,0,1
2021-04-05 00:00:00+00:00,41.81,42.69,40.88,41.97,223986,41.81,42.69,40.88,41.97,223986,0,1
2021-04-06 00:00:00+00:00,39.25,41.66,39.19,41.66,172470,39.25,41.66,39.19,41.66,172470,0,1
2021-04-07 00:00:00+00:00,39.25,40.36,38.26,38.96,191297,39.25,40.36,38.26,38.96,191297,0,1
2021-04-08 00:00:00+00:00,37.39,40.15,36.36,39.59,187094,37.39,40.15,36.36,39.59,187094,0,1
2021-04-09 00:00:00+00:00,35.26,36.99,34.69,36.99,243142,35.26,36.99,34.69,36.99,243142,0,1
2021-04-12 00:00:00+00:00,32.7,36.0475,32.51,34.96,369372,32.7,36.0475,32.51,34.96,369372,0,1
2021-04-13 00:00:00+00:00,32.47,33.98,31.2,32.95,269140,32.47,33.98,31.2,32.95,269140,0,1
2021-04-14 00:00:00+00:00,37.05,37.665,32.37,32.61,529335,37.05,37.665,32.37,32.61,529335,0,1
2021-04-15 00:00:00+00:00,33.91,37.7747,33.51,37.56,224948,33.91,37.7747,33.51,37.56,224948,0,1
2021-04-16 00:00:00+00:00,32.24,33.91,32.02,33.79,125278,32.24,33.91,32.02,33.79,125278,0,1
2021-04-19 00:00:00+00:00,31.48,32.08,30.22,31.81,216191,31.48,32.08,30.22,31.81,216191,0,1
2021-04-20 00:00:00+00:00,33.22,33.62,30.86,31.41,173500,33.22,33.62,30.86,31.41,173500,0,1
2021-04-21 00:00:00+00:00,35.5,36.35,31.34,33.0,323274,35.5,36.35,31.34,33.0,323274,0,1
2021-04-22 00:00:00+00:00,37.3,37.96,34.2019,35.33,243208,37.3,37.96,34.2019,35.33,243208,0,1
2021-04-23 00:00:00+00:00,34.59,37.59,33.87,37.41,151578,34.59,37.59,33.87,37.41,151578,0,1
2021-04-26 00:00:00+00:00,36.2,37.02,35.0,36.36,158087,36.2,37.02,35.0,36.36,158087,0,1
2021-04-27 00:00:00+00:00,35.55,36.58,33.9,36.58,245532,35.55,36.58,33.9,36.58,245532,0,1
2021-04-28 00:00:00+00:00,39.48,40.04,35.0,35.39,116701,39.48,40.04,35.0,35.39,116701,0,1
2021-04-29 00:00:00+00:00,40.46,41.98,38.64,39.63,266676,40.46,41.98,38.64,39.63,266676,0,1
2021-04-30 00:00:00+00:00,41.44,41.88,39.21,39.44,200597,41.44,41.88,39.21,39.44,200597,0,1
2021-05-03 00:00:00+00:00,40.48,41.58,39.8,41.07,193985,40.48,41.58,39.8,41.07,193985,0,1
2021-05-04 00:00:00+00:00,39.85,40.43,38.635,40.43,294359,39.85,40.43,38.635,40.43,294359,0,1
2021-05-05 00:00:00+00:00,40.5,42.15,38.79,40.08,181719,40.5,42.15,38.79,40.08,181719,0,1
2021-05-06 00:00:00+00:00,40.8,42.18,38.4815,38.4815,196061,40.8,42.18,38.4815,38.4815,196061,0,1
2021-05-07 00:00:00+00:00,41.61,42.1958,39.75,40.77,195499,41.61,42.1958,39.75,40.77,195499,0,1
2021-05-10 00:00:00+00:00,40.7,42.28,39.51,41.18,219217,40.7,42.28,39.51,41.18,219217,0,1
2021-05-11 00:00:00+00:00,41.18,43.0,38.0001,38.75,210538,41.18,43.0,38.0001,38.75,210538,0,1
2021-05-12 00:00:00+00:00,44.3,45.33,39.65,40.56,214832,44.3,45.33,39.65,40.56,214832,0,1
2021-05-13 00:00:00+00:00,39.15,44.935,38.0197,44.65,336228,39.15,44.935,38.0197,44.65,336228,0,1
2021-05-14 00:00:00+00:00,42.04,42.61,39.73,40.09,176056,42.04,42.61,39.73,40.09,176056,0,1
2021-05-17 00:00:00+00:00,41.78,43.79,40.91,41.5,117820,41.78,43.79,40.91,41.5,117820,0,1
2021-05-18 00:00:00+00:00,39.39,42.58,38.26,41.85,144342,39.39,42.58,38.26,41.85,144342,0,1
2021-05-19 00:00:00+00:00,36.09,39.62,35.68,38.53,149020,36.09,39.62,35.68,38.53,149020,0,1
2021-05-20 00:00:00+00:00,38.79,38.79,36.09,36.29,139821,38.79,38.79,36.09,36.29,139821,0,1
2021-05-21 00:00:00+00:00,38.72,39.9,34.525,39.35,155082,38.72,39.9,34.525,39.35,155082,0,1
2021-05-24 00:00:00+00:00,36.03,39.1,35.86,39.1,96583,36.03,39.1,35.86,39.1,96583,0,1
2021-05-25 00:00:00+00:00,32.91,37.05,32.6,36.73,290826,32.91,37.05,32.6,36.73,290826,0,1
2021-05-26 00:00:00+00:00,33.0,34.58,32.74,33.0,206661,33.0,34.58,32.74,33.0,206661,0,1
2021-05-27 00:00:00+00:00,33.0,33.47,32.33,33.15,361198,33.0,33.47,32.33,33.15,361198,0,1
2021-05-28 00:00:00+00:00,34.76,35.54,33.03,33.03,448735,34.76,35.54,33.03,33.03,448735,0,1
2021-06-01 00:00:00+00:00,32.99,35.23,32.86,34.71,118341,32.99,35.23,32.86,34.71,118341,0,1
2021-06-02 00:00:00+00:00,31.8,32.81,31.26,32.81,232703,31.8,32.81,31.26,32.81,232703,0,1
2021-06-03 00:00:00+00:00,31.03,31.89,30.51,31.62,210504,31.03,31.89,30.51,31.62,210504,0,1
2021-06-04 00:00:00+00:00,29.96,31.83,29.57,31.38,150129,29.96,31.83,29.57,31.38,150129,0,1
2021-06-07 00:00:00+00:00,32.4,33.36,29.97,30.26,357611,32.4,33.36,29.97,30.26,357611,0,1
2021-06-08 00:00:00+00:00,31.3,33.3047,30.23,32.76,178316,31.3,33.3047,30.23,32.76,178316,0,1
2021-06-09 00:00:00+00:00,30.72,32.96,30.16,31.43,165657,30.72,32.96,30.16,31.43,165657,0,1
2021-06-10 00:00:00+00:00,32.04,32.18,30.09,30.76,181446,32.04,32.18,30.09,30.76,181446,0,1
2021-06-11 00:00:00+00:00,31.2,32.48,30.63,31.92,131151,31.2,32.48,30.63,31.92,131151,0,1
2021-06-14 00:00:00+00:00,33.78,33.95,31.2,31.2,205084,33.78,33.95,31.2,31.2,205084,0,1
2021-06-15 00:00:00+00:00,32.23,34.2,30.8,33.42,194255,32.23,34.2,30.8,33.42,194255,0,1
2021-06-16 00:00:00+00:00,33.39,33.72,32.2,32.37,397035,33.39,33.72,32.2,32.37,397035,0,1
2021-06-17 00:00:00+00:00,32.36,34.17,31.925,33.2,214524,32.36,34.17,31.925,33.2,214524,0,1
2021-06-18 00:00:00+00:00,31.02,32.65,30.03,31.69,551250,31.02,32.65,30.03,31.69,551250,0,1
2021-06-21 00:00:00+00:00,32.4,32.56,30.3,31.18,180351,32.4,32.56,30.3,31.18,180351,0,1
2021-06-22 00:00:00+00:00,33.06,33.51,31.54,32.57,170799,33.06,33.51,31.54,32.57,170799,0,1
2021-06-23 00:00:00+00:00,33.13,33.83,31.67,32.8,270623,33.13,33.83,31.67,32.8,270623,0,1
2021-06-24 00:00:00+00:00,32.97,34.08,32.29,33.69,181992,32.97,34.08,32.29,33.69,181992,0,1
2021-06-25 00:00:00+00:00,31.9,33.17,31.22,33.14,424703,31.9,33.17,31.22,33.14,424703,0,1
2021-06-28 00:00:00+00:00,31.99,32.71,31.76,32.41,70015,31.99,32.71,31.76,32.41,70015,0,1
2021-06-29 00:00:00+00:00,30.02,32.94,29.96,31.99,116981,30.02,32.94,29.96,31.99,116981,0,1
2021-06-30 00:00:00+00:00,28.63,30.24,28.26,29.95,196795,28.63,30.24,28.26,29.95,196795,0,1
2021-07-01 00:00:00+00:00,28.6,29.23,28.25,28.85,216430,28.6,29.23,28.25,28.85,216430,0,1
2021-07-02 00:00:00+00:00,27.77,28.88,27.68,28.62,147252,27.77,28.88,27.68,28.62,147252,0,1
2021-07-06 00:00:00+00:00,27.0,28.97,26.76,27.8,119563,27.0,28.97,26.76,27.8,119563,0,1
2021-07-07 00:00:00+00:00,26.7,27.95,25.94,27.0,145126,26.7,27.95,25.94,27.0,145126,0,1
2021-07-08 00:00:00+00:00,27.57,28.1,25.28,26.09,115530,27.57,28.1,25.28,26.09,115530,0,1
2021-07-09 00:00:00+00:00,28.5,28.85,27.22,27.38,72134,28.5,28.85,27.22,27.38,72134,0,1
2021-07-12 00:00:00+00:00,27.72,28.84,27.34,28.52,63393,27.72,28.84,27.34,28.52,63393,0,1
2021-07-13 00:00:00+00:00,26.92,28.37,26.825,27.55,92263,26.92,28.37,26.825,27.55,92263,0,1
2021-07-14 00:00:00+00:00,25.78,29.8999,25.73,27.16,478346,25.78,29.8999,25.73,27.16,478346,0,1
2021-07-15 00:00:00+00:00,28.02,28.79,24.72,25.75,169053,28.02,28.79,24.72,25.75,169053,0,1
2021-07-16 00:00:00+00:00,28.39,29.34,27.99,28.4,202794,28.39,29.34,27.99,28.4,202794,0,1
2021-07-19 00:00:00+00:00,31.37,32.4899,27.775,28.04,376804,31.37,32.4899,27.775,28.04,376804,0,1
2021-07-20 00:00:00+00:00,31.23,32.93,30.25,30.99,284452,31.23,32.93,30.25,30.99,284452,0,1
2021-07-21 00:00:00+00:00,29.66,31.44,29.26,31.15,139701,29.66,31.44,29.26,31.15,139701,0,1
2021-07-22 00:00:00+00:00,29.26,30.92,28.29,29.63,103121,29.26,30.92,28.29,29.63,103121,0,1
2021-07-23 00:00:00+00:00,34.06,34.88,28.69,29.44,354394,34.06,34.88,28.69,29.44,354394,0,1
2021-07-26 00:00:00+00:00,33.33,34.94,32.445,34.0,224722,33.33,34.94,32.445,34.0,224722,0,1
2021-07-27 00:00:00+00:00,34.65,36.36,33.0948,35.33,548851,34.65,36.36,33.0948,35.33,548851,0,1
2021-07-28 00:00:00+00:00,34.78,35.7564,32.76,34.83,171894,34.78,35.7564,32.76,34.83,171894,0,1
2021-07-29 00:00:00+00:00,32.72,35.945,32.04,35.21,153453,32.72,35.945,32.04,35.21,153453,0,1
2021-07-30 00:00:00+00:00,32.04,33.4066,31.13,32.18,153132,32.04,33.4066,31.13,32.18,153132,0,1
2021-08-02 00:00:00+00:00,31.73,32.54,31.34,32.54,307581,31.73,32.54,31.34,32.54,307581,0,1
2021-08-03 00:00:00+00:00,32.0,32.65,30.45,31.95,125019,32.0,32.65,30.45,31.95,125019,0,1
2021-08-04 00:00:00+00:00,31.57,32.4,30.0971,31.8,318082,31.57,32.4,30.0971,31.8,318082,0,1
2021-08-05 00:00:00+00:00,32.43,33.53,29.35,31.82,233961,32.43,33.53,29.35,31.82,233961,0,1
2021-08-06 00:00:00+00:00,30.09,33.13,30.07,32.78,180404,30.09,33.13,30.07,32.78,180404,0,1
2021-08-09 00:00:00+00:00,31.01,31.22,29.43,29.93,154535,31.01,31.22,29.43,29.93,154535,0,1
2021-08-10 00:00:00+00:00,31.96,32.11,30.49,31.47,67998,31.96,32.11,30.49,31.47,67998,0,1
2021-08-11 00:00:00+00:00,33.98,34.2,31.645,32.41,137687,33.98,34.2,31.645,32.41,137687,0,1
2021-08-12 00:00:00+00:00,34.19,34.7766,31.74,34.0,95396,34.19,34.7766,31.74,34.0,95396,0,1
2021-08-13 00:00:00+00:00,32.17,35.5913,32.16,34.0,133901,32.17,35.5913,32.16,34.0,133901,0,1
2021-08-16 00:00:00+00:00,31.74,32.92,30.634900000000002,32.12,74909,31.74,32.92,30.634900000000002,32.12,74909,0,1
2021-08-17 00:00:00+00:00,32.03,32.59,30.8694,31.72,81969,32.03,32.59,30.8694,31.72,81969,0,1
2021-08-18 00:00:00+00:00,30.29,32.25,30.21,32.18,113194,30.29,32.25,30.21,32.18,113194,0,1
2021-08-19 00:00:00+00:00,28.78,30.19,28.59,30.19,113322,28.78,30.19,28.59,30.19,113322,0,1
2021-08-20 00:00:00+00:00,31.0,31.59,28.4984,28.71,270362,31.0,31.59,28.4984,28.71,270362,0,1
2021-08-23 00:00:00+00:00,33.16,33.41,29.955,31.49,169570,33.16,33.41,29.955,31.49,169570,0,1
2021-08-24 00:00:00+00:00,31.86,33.21,30.92,33.13,51740,31.86,33.21,30.92,33.13,51740,0,1
2021-08-25 00:00:00+00:00,34.5,35.31,31.64,31.9,186764,34.5,35.31,31.64,31.9,186764,0,1
2021-08-26 00:00:00+00:00,34.16,35.685,33.63,34.19,136661,34.16,35.685,33.63,34.19,136661,0,1
2021-08-27 00:00:00+00:00,37.57,38.3,33.685,34.27,204793,37.57,38.3,33.685,34.27,204793,0,1
2021-08-30 00:00:00+00:00,36.92,38.98,36.07,37.5,184854,36.92,38.98,36.07,37.5,184854,0,1
2021-08-31 00:00:00+00:00,35.69,38.595,34.805,36.73,170064,35.69,38.595,34.805,36.73,170064,0,1
2021-09-01 00:00:00+00:00,37.08,38.51,35.38,35.94,301030,37.08,38.51,35.38,35.94,301030,0,1
2021-09-02 00:00:00+00:00,38.65,43.5499,37.24,37.71,409198,38.65,43.5499,37.24,37.71,409198,0,1
2021-09-03 00:00:00+00:00,37.38,39.34,36.39,38.4128,101346,37.38,39.34,36.39,38.4128,101346,0,1
2021-09-07 00:00:00+00:00,37.85,38.65,35.5,37.33,115418,37.85,38.65,35.5,37.33,115418,0,1
2021-09-08 00:00:00+00:00,36.74,38.03,35.34,38.03,81462,36.74,38.03,35.34,38.03,81462,0,1
2021-09-09 00:00:00+00:00,35.71,38.05,34.28,36.53,574315,35.71,38.05,34.28,36.53,574315,0,1
2021-09-10 00:00:00+00:00,32.83,36.49,32.06,35.62,202557,32.83,36.49,32.06,35.62,202557,0,1
2021-09-13 00:00:00+00:00,32.01,32.65,31.19,32.5,1137946,32.01,32.65,31.19,32.5,1137946,0,1
2021-09-14 00:00:00+00:00,33.54,34.08,31.75,32.58,473699,33.54,34.08,31.75,32.58,473699,0,1
2021-09-15 00:00:00+00:00,34.0,34.89,33.195,34.15,206708,34.0,34.89,33.195,34.15,206708,0,1
2021-09-16 00:00:00+00:00,34.22,34.82,33.51,34.68,111873,34.22,34.82,33.51,34.68,111873,0,1
2021-09-17 00:00:00+00:00,35.2,36.01,33.95,34.75,880559,35.2,36.01,33.95,34.75,880559,0,1
2021-09-20 00:00:00+00:00,33.8,35.78,32.05,34.41,803130,33.8,35.78,32.05,34.41,803130,0,1
2021-09-21 00:00:00+00:00,34.5,35.235,33.83,34.39,432840,34.5,35.235,33.83,34.39,432840,0,1
2021-09-22 00:00:00+00:00,33.93,35.4,33.86,35.2,489996,33.93,35.4,33.86,35.2,489996,0,1
2021-09-23 00:00:00+00:00,35.5,36.95,34.05,34.15,391899,35.5,36.95,34.05,34.15,391899,0,1
2021-09-24 00:00:00+00:00,34.64,36.01,34.0,35.73,474760,34.64,36.01,34.0,35.73,474760,0,1
2021-09-27 00:00:00+00:00,34.45,35.48,33.99,35.18,487237,34.45,35.48,33.99,35.18,487237,0,1
2021-09-28 00:00:00+00:00,33.05,34.38,32.9,33.87,367169,33.05,34.38,32.9,33.87,367169,0,1
2021-09-29 00:00:00+00:00,30.9,33.4993,30.511,32.89,268840,30.9,33.4993,30.511,32.89,268840,0,1
2021-09-30 00:00:00+00:00,31.25,32.18,30.87,31.02,822411,31.25,32.18,30.87,31.02,822411,0,1
2021-10-01 00:00:00+00:00,31.74,32.66,30.31,31.62,1170502,31.74,32.66,30.31,31.62,1170502,0,1
2021-10-04 00:00:00+00:00,31.61,32.77,30.93,31.56,310719,31.61,32.77,30.93,31.56,310719,0,1
2021-10-05 00:00:00+00:00,30.04,32.47,29.7,32.01,348406,30.04,32.47,29.7,32.01,348406,0,1
2021-10-06 00:00:00+00:00,28.78,30.2,28.53,29.5,538646,28.78,30.2,28.53,29.5,538646,0,1
2021-10-07 00:00:00+00:00,17.34,24.6,17.15,24.6,3135446,17.34,24.6,17.15,24.6,3135446,0,1
2021-10-08 00:00:00+00:00,15.87,17.3738,15.73,17.34,3391274,15.87,17.3738,15.73,17.34,3391274,0,1
2021-10-11 00:00:00+00:00,15.97,16.4833,15.31,15.89,903235,15.97,16.4833,15.31,15.89,903235,0,1
2021-10-12 00:00:00+00:00,15.58,16.38,15.45,15.97,758534,15.58,16.38,15.45,15.97,758534,0,1
2021-10-13 00:00:00+00:00,15.81,15.95,15.41,15.76,582806,15.81,15.95,15.41,15.76,582806,0,1
2021-10-14 00:00:00+00:00,16.22,16.78,15.68,16.0,885459,16.22,16.78,15.68,16.0,885459,0,1
2021-10-15 00:00:00+00:00,16.26,16.83,15.97,16.43,449241,16.26,16.83,15.97,16.43,449241,0,1
2021-10-18 00:00:00+00:00,15.72,16.38,15.63,16.08,529121,15.72,16.38,15.63,16.08,529121,0,1
2021-10-19 00:00:00+00:00,18.0,18.19,16.22,16.32,1516786,18.0,18.19,16.22,16.32,1516786,0,1
2021-10-20 00:00:00+00:00,17.95,20.1099,17.8,18.35,1541621,17.95,20.1099,17.8,18.35,1541621,0,1
2021-10-21 00:00:00+00:00,18.93,19.2,17.8004,17.95,416998,18.93,19.2,17.8004,17.95,416998,0,1
2021-10-22 00:00:00+00:00,17.52,18.81,17.0,18.75,388785,17.52,18.81,17.0,18.75,388785,0,1
2021-10-25 00:00:00+00:00,17.65,18.32,17.35,17.54,211818,17.65,18.32,17.35,17.54,211818,0,1
2021-10-26 00:00:00+00:00,17.65,18.32,17.0565,17.83,198235,17.65,18.32,17.0565,17.83,198235,0,1
2021-10-27 00:00:00+00:00,17.31,17.88,16.9,17.45,217136,17.31,17.88,16.9,17.45,217136,0,1
2021-10-28 00:00:00+00:00,17.99,18.05,17.35,17.43,209926,17.99,18.05,17.35,17.43,209926,0,1
2021-10-29 00:00:00+00:00,17.58,18.47,17.48,18.08,129919,17.58,18.47,17.48,18.08,129919,0,1
2021-11-01 00:00:00+00:00,18.32,18.91,17.5001,17.61,182192,18.32,18.91,17.5001,17.61,182192,0,1
2021-11-02 00:00:00+00:00,18.33,18.61,17.6529,18.39,218794,18.33,18.61,17.6529,18.39,218794,0,1
2021-11-03 00:00:00+00:00,18.5,18.93,18.01,18.49,292482,18.5,18.93,18.01,18.49,292482,0,1
2021-11-04 00:00:00+00:00,17.98,18.7944,17.84,18.46,185768,17.98,18.7944,17.84,18.46,185768,0,1
2021-11-05 00:00:00+00:00,17.18,18.0,16.87,18.0,277014,17.18,18.0,16.87,18.0,277014,0,1
2021-11-08 00:00:00+00:00,17.4,17.73,17.15,17.47,204009,17.4,17.73,17.15,17.47,204009,0,1
2021-11-09 00:00:00+00:00,17.2,18.08,16.585,17.31,229184,17.2,18.08,16.585,17.31,229184,0,1
2021-11-10 00:00:00+00:00,17.16,17.94,16.92,17.07,152428,17.16,17.94,16.92,17.07,152428,0,1
2021-11-11 00:00:00+00:00,16.76,17.31,16.6,17.24,162066,16.76,17.31,16.6,17.24,162066,0,1
2021-11-12 00:00:00+00:00,16.2,16.995,15.9,16.93,256303,16.2,16.995,15.9,16.93,256303,0,1
2021-11-15 00:00:00+00:00,15.85,16.5,15.655,15.79,229338,15.85,16.5,15.655,15.79,229338,0,1
2021-11-16 00:00:00+00:00,16.02,16.49,15.36,15.84,352084,16.02,16.49,15.36,15.84,352084,0,1
2021-11-17 00:00:00+00:00,15.67,16.115,15.1,15.95,280115,15.67,16.115,15.1,15.95,280115,0,1
2021-11-18 00:00:00+00:00,14.44,15.94,14.1,15.94,350698,14.44,15.94,14.1,15.94,350698,0,1
2021-11-19 00:00:00+00:00,14.46,14.8,14.05,14.19,221210,14.46,14.8,14.05,14.19,221210,0,1
2021-11-22 00:00:00+00:00,13.6,14.65,13.205,14.59,281347,13.6,14.65,13.205,14.59,281347,0,1
2021-11-23 00:00:00+00:00,14.35,14.44,13.0292,13.91,311857,14.35,14.44,13.0292,13.91,311857,0,1
2021-11-24 00:00:00+00:00,14.31,14.9,13.61,14.27,246110,14.31,14.9,13.61,14.27,246110,0,1
2021-11-26 00:00:00+00:00,14.0,14.5,13.67,14.5,153329,14.0,14.5,13.67,14.5,153329,0,1
2021-11-29 00:00:00+00:00,13.75,14.465,13.53,14.465,294112,13.75,14.465,13.53,14.465,294112,0,1
2021-11-30 00:00:00+00:00,14.29,14.34,13.59,13.75,320603,14.29,14.34,13.59,13.75,320603,0,1
2021-12-01 00:00:00+00:00,13.75,14.42,13.58,14.42,391876,13.75,14.42,13.58,14.42,391876,0,1
2021-12-02 00:00:00+00:00,14.27,14.63,13.4501,13.74,277583,14.27,14.63,13.4501,13.74,277583,0,1
2021-12-03 00:00:00+00:00,13.9,14.45,13.695,14.3,325234,13.9,14.45,13.695,14.3,325234,0,1
2021-12-06 00:00:00+00:00,13.84,14.895,13.38,14.09,310705,13.84,14.895,13.38,14.09,310705,0,1
2021-12-07 00:00:00+00:00,14.76,15.11,13.99,14.37,437408,14.76,15.11,13.99,14.37,437408,0,1
2021-12-08 00:00:00+00:00,14.55,15.215,14.34,14.9,255595,14.55,15.215,14.34,14.9,255595,0,1
2021-12-09 00:00:00+00:00,13.56,14.74,13.46,14.66,220243,13.56,14.74,13.46,14.66,220243,0,1
2021-12-10 00:00:00+00:00,13.8,14.1,13.33,13.51,456052,13.8,14.1,13.33,13.51,456052,0,1
2021-12-13 00:00:00+00:00,12.11,13.97,12.005,13.97,422067,12.11,13.97,12.005,13.97,422067,0,1
2021-12-14 00:00:00+00:00,11.89,12.1073,10.9601,11.86,584241,11.89,12.1073,10.9601,11.86,584241,0,1
2021-12-15 00:00:00+00:00,13.3,13.38,11.51,11.9,748378,13.3,13.38,11.51,11.9,748378,0,1
2021-12-16 00:00:00+00:00,13.67,15.57,13.53,14.92,835674,13.67,15.57,13.53,14.92,835674,0,1
2021-12-17 00:00:00+00:00,13.7,14.5,12.51,13.36,2438224,13.7,14.5,12.51,13.36,2438224,0,1
2021-12-20 00:00:00+00:00,13.3,13.8,12.75,13.675,633921,13.3,13.8,12.75,13.675,633921,0,1
2021-12-21 00:00:00+00:00,13.67,14.79,13.5,14.4,823800,13.67,14.79,13.5,14.4,823800,0,1
2021-12-22 00:00:00+00:00,13.27,13.55,12.82,13.5,426495,13.27,13.55,12.82,13.5,426495,0,1
2021-12-23 00:00:00+00:00,13.73,14.15,13.29,13.55,781209,13.73,14.15,13.29,13.55,781209,0,1
2021-12-27 00:00:00+00:00,12.56,13.735,12.36,13.67,359493,12.56,13.735,12.36,13.67,359493,0,1
2021-12-28 00:00:00+00:00,12.65,13.22,12.15,12.15,350901,12.65,13.22,12.15,12.15,350901,0,1
2021-12-29 00:00:00+00:00,12.41,12.98,12.12,12.79,217609,12.41,12.98,12.12,12.79,217609,0,1
2021-12-30 00:00:00+00:00,12.76,13.05,12.25,12.27,236215,12.76,13.05,12.25,12.27,236215,0,1
2021-12-31 00:00:00+00:00,12.45,13.125,12.35,12.88,342709,12.45,13.125,12.35,12.88,342709,0,1
2022-01-03 00:00:00+00:00,13.22,13.39,12.29,12.5,248528,13.22,13.39,12.29,12.5,248528,0,1
2022-01-04 00:00:00+00:00,11.43,13.4,11.14,13.26,721096,11.43,13.4,11.14,13.26,721096,0,1
2022-01-05 00:00:00+00:00,10.32,11.3,9.72,10.56,652373,10.32,11.3,9.72,10.56,652373,0,1
2022-01-06 00:00:00+00:00,10.48,10.63,9.7186,10.14,358382,10.48,10.63,9.7186,10.14,358382,0,1
2022-01-07 00:00:00+00:00,10.05,10.8,9.97,10.4,160697,10.05,10.8,9.97,10.4,160697,0,1
2022-01-10 00:00:00+00:00,9.76,9.94,9.05,9.51,610386,9.76,9.94,9.05,9.51,610386,0,1
2022-01-11 00:00:00+00:00,9.84,10.49,9.525,9.7,218452,9.84,10.49,9.525,9.7,218452,0,1
2022-01-12 00:00:00+00:00,9.32,9.875,9.16,9.82,281785,9.32,9.875,9.16,9.82,281785,0,1
2022-01-13 00:00:00+00:00,9.09,9.52,8.96,9.37,353350,9.09,9.52,8.96,9.37,353350,0,1
2022-01-14 00:00:00+00:00,9.52,9.54,8.8,8.95,210732,9.52,9.54,8.8,8.95,210732,0,1
2022-01-18 00:00:00+00:00,8.86,9.3,8.68,9.23,354908,8.86,9.3,8.68,9.23,354908,0,1
2022-01-19 00:00:00+00:00,9.3,9.59,8.86,8.95,374221,9.3,9.59,8.86,8.95,374221,0,1
2022-01-20 00:00:00+00:00,8.8,9.74,8.71,9.4,274278,8.8,9.74,8.71,9.4,274278,0,1
2022-01-21 00:00:00+00:00,8.87,9.18,8.63,8.85,252701,8.87,9.18,8.63,8.85,252701,0,1
2022-01-24 00:00:00+00:00,9.51,9.63,8.55,8.68,293658,9.51,9.63,8.55,8.68,293658,0,1
2022-01-25 00:00:00+00:00,9.4,9.69,9.01,9.31,200847,9.4,9.69,9.01,9.31,200847,0,1
2022-01-26 00:00:00+00:00,8.99,9.73,8.87,9.46,338562,8.99,9.73,8.87,9.46,338562,0,1
2022-01-27 00:00:00+00:00,9.16,9.45,8.91,8.99,375480,9.16,9.45,8.91,8.99,375480,0,1
2022-01-28 00:00:00+00:00,9.68,9.69,9.0,9.04,315341,9.68,9.69,9.0,9.04,315341,0,1
2022-01-31 00:00:00+00:00,9.93,10.06,9.51,9.68,266274,9.93,10.06,9.51,9.68,266274,0,1
2022-02-01 00:00:00+00:00,10.23,10.28,9.53,9.88,249109,10.23,10.28,9.53,9.88,249109,0,1
2022-02-02 00:00:00+00:00,9.71,10.34,9.6,10.34,363580,9.71,10.34,9.6,10.34,363580,0,1
2022-02-03 00:00:00+00:00,9.49,9.718,9.07,9.38,234191,9.49,9.718,9.07,9.38,234191,0,1
2022-02-04 00:00:00+00:00,9.84,10.08,9.3,9.69,239036,9.84,10.08,9.3,9.69,239036,0,1
2022-02-07 00:00:00+00:00,10.09,10.25,9.7,9.84,158237,10.09,10.25,9.7,9.84,158237,0,1
2022-02-08 00:00:00+00:00,10.09,10.185,9.61,9.9,169832,10.09,10.185,9.61,9.9,169832,0,1
2022-02-09 00:00:00+00:00,10.41,10.57,10.14,10.26,278637,10.41,10.57,10.14,10.26,278637,0,1
2022-02-10 00:00:00+00:00,10.16,10.622,10.04,10.18,393509,10.16,10.622,10.04,10.18,393509,0,1
2022-02-11 00:00:00+00:00,10.0,10.295,9.7,10.24,199304,10.0,10.295,9.7,10.24,199304,0,1
2022-02-14 00:00:00+00:00,9.78,10.05,9.555,9.95,193346,9.78,10.05,9.555,9.95,193346,0,1
2022-02-15 00:00:00+00:00,10.58,10.6999,10.01,10.15,101624,10.58,10.6999,10.01,10.15,101624,0,1
2022-02-16 00:00:00+00:00,10.17,10.41,10.04,10.3,170063,10.17,10.41,10.04,10.3,170063,0,1
2022-02-17 00:00:00+00:00,10.0,10.13,9.791,10.08,151375,10.0,10.13,9.791,10.08,151375,0,1
2022-02-18 00:00:00+00:00,10.03,10.16,9.79,9.95,211186,10.03,10.16,9.79,9.95,211186,0,1
2022-02-22 00:00:00+00:00,10.34,10.62,9.802,9.99,136039,10.34,10.62,9.802,9.99,136039,0,1
2022-02-23 00:00:00+00:00,9.89,10.39,9.75,10.37,339804,9.89,10.39,9.75,10.37,339804,0,1
2022-02-24 00:00:00+00:00,10.6,10.61,9.44,9.67,167699,10.6,10.61,9.44,9.67,167699,0,1
2022-02-25 00:00:00+00:00,10.39,10.72,10.16,10.72,129910,10.39,10.72,10.16,10.72,129910,0,1
2022-02-28 00:00:00+00:00,8.83,9.97,8.61,9.61,746981,8.83,9.97,8.61,9.61,746981,0,1
2022-03-01 00:00:00+00:00,8.47,8.825,8.3105,8.72,312894,8.47,8.825,8.3105,8.72,312894,0,1
2022-03-02 00:00:00+00:00,8.74,8.89,8.32,8.47,206064,8.74,8.89,8.32,8.47,206064,0,1
2022-03-03 00:00:00+00:00,8.04,8.76,7.93,8.76,161870,8.04,8.76,7.93,8.76,161870,0,1
2022-03-04 00:00:00+00:00,7.86,8.1172,7.62,7.93,128993,7.86,8.1172,7.62,7.93,128993,0,1
2022-03-07 00:00:00+00:00,8.09,8.2,7.8100000000000005,8.05,134468,8.09,8.2,7.8100000000000005,8.05,134468,0,1
2022-03-08 00:00:00+00:00,8.23,8.58,7.95,8.11,140968,8.23,8.58,7.95,8.11,140968,0,1
2022-03-09 00:00:00+00:00,8.85,9.16,8.44,8.44,185789,8.85,9.16,8.44,8.44,185789,0,1
2022-03-10 00:00:00+00:00,9.16,9.2,8.29,8.67,115375,9.16,9.2,8.29,8.67,115375,0,1
2022-03-11 00:00:00+00:00,8.9,9.38,8.8932,9.03,96281,8.9,9.38,8.8932,9.03,96281,0,1
2022-03-14 00:00:00+00:00,7.75,8.99,7.74,8.84,138963,7.75,8.99,7.74,8.84,138963,0,1
2022-03-15 00:00:00+00:00,7.15,7.48,6.76,7.37,321531,7.15,7.48,6.76,7.37,321531,0,1
2022-03-16 00:00:00+00:00,7.75,8.0,7.22,7.62,329723,7.75,8.0,7.22,7.62,329723,0,1
2022-03-17 00:00:00+00:00,8.36,8.38,7.48,7.78,247021,8.36,8.38,7.48,7.78,247021,0,1
2022-03-18 00:00:00+00:00,8.43,8.82,8.19,8.19,294794,8.43,8.82,8.19,8.19,294794,0,1
2022-03-21 00:00:00+00:00,7.37,8.35,7.33,8.33,169032,7.37,8.35,7.33,8.33,169032,0,1
2022-03-22 00:00:00+00:00,7.44,7.64,7.25,7.37,126214,7.44,7.64,7.25,7.37,126214,0,1
2022-03-23 00:00:00+00:00,7.33,7.495,7.21,7.37,91301,7.33,7.495,7.21,7.37,91301,0,1
2022-03-24 00:00:00+00:00,7.36,7.5600000000000005,7.29,7.5600000000000005,96378,7.36,7.5600000000000005,7.29,7.5600000000000005,96378,0,1
2022-03-25 00:00:00+00:00,7.32,7.52,7.145,7.42,94205,7.32,7.52,7.145,7.42,94205,0,1
2022-03-28 00:00:00+00:00,7.18,7.49,7.01,7.48,113421,7.18,7.49,7.01,7.48,113421,0,1
2022-03-29 00:00:00+00:00,7.26,7.5600000000000005,7.21,7.22,260562,7.26,7.5600000000000005,7.21,7.22,260562,0,1
2022-03-30 00:00:00+00:00,6.96,7.42,6.84,7.31,202936,6.96,7.42,6.84,7.31,202936,0,1
2022-03-31 00:00:00+00:00,6.9,7.75,6.87,6.96,527742,6.9,7.75,6.87,6.96,527742,0,1
2022-04-01 00:00:00+00:00,7.25,7.25,6.89,6.89,375463,7.25,7.25,6.89,6.89,375463,0,1
2022-04-04 00:00:00+00:00,7.55,7.7925,7.2,7.27,1438008,7.55,7.7925,7.2,7.27,1438008,0,1
2022-04-05 00:00:00+00:00,7.43,7.96,7.31,7.54,215876,7.43,7.96,7.31,7.54,215876,0,1
2022-04-06 00:00:00+00:00,7.39,7.5600000000000005,6.945,7.24,131274,7.39,7.5600000000000005,6.945,7.24,131274,0,1
2022-04-07 00:00:00+00:00,7.16,7.47,7.15,7.31,113133,7.16,7.47,7.15,7.31,113133,0,1
2022-04-08 00:00:00+00:00,6.58,7.17,6.5600000000000005,7.17,111012,6.58,7.17,6.5600000000000005,7.17,111012,0,1
2022-04-11 00:00:00+00:00,6.24,6.64,5.96,6.49,185652,6.24,6.64,5.96,6.49,185652,0,1
2022-04-12 00:00:00+00:00,6.15,6.41,6.0,6.36,125291,6.15,6.41,6.0,6.36,125291,0,1
2022-04-13 00:00:00+00:00,6.27,6.35,6.14,6.16,143516,6.27,6.35,6.14,6.16,143516,0,1
2022-04-14 00:00:00+00:00,5.98,6.3,5.88,6.3,180265,5.98,6.3,5.88,6.3,180265,0,1
2022-04-18 00:00:00+00:00,5.85,6.23,5.76,6.08,328168,5.85,6.23,5.76,6.08,328168,0,1
2022-04-19 00:00:00+00:00,5.72,5.97,5.67,5.85,446345,5.72,5.97,5.67,5.85,446345,0,1
2022-04-20 00:00:00+00:00,5.71,5.93,5.68,5.76,820667,5.71,5.93,5.68,5.76,820667,0,1
2022-04-21 00:00:00+00:00,5.44,5.9,5.41,5.8,272578,5.44,5.9,5.41,5.8,272578,0,1
2022-04-22 00:00:00+00:00,5.2,5.55,4.97,5.38,772666,5.2,5.55,4.97,5.38,772666,0,1
2022-04-25 00:00:00+00:00,5.24,5.39,5.14,5.21,897339,5.24,5.39,5.14,5.21,897339,0,1
2022-04-26 00:00:00+00:00,4.94,5.29,4.895,5.14,308408,4.94,5.29,4.895,5.14,308408,0,1
2022-04-27 00:00:00+00:00,4.92,5.1,4.88,4.91,247694,4.92,5.1,4.88,4.91,247694,0,1
2022-04-28 00:00:00+00:00,4.86,5.0,4.54,4.92,223366,4.86,5.0,4.54,4.92,223366,0,1
2022-04-29 00:00:00+00:00,4.59,5.03,4.59,4.85,176998,4.59,5.03,4.59,4.85,176998,0,1
2022-05-02 00:00:00+00:00,4.86,4.87,4.55,4.64,188199,4.86,4.87,4.55,4.64,188199,0,1
2022-05-03 00:00:00+00:00,4.73,4.945,4.64,4.84,107118,4.73,4.945,4.64,4.84,107118,0,1
2022-05-04 00:00:00+00:00,4.61,4.7,4.3,4.7,157861,4.61,4.7,4.3,4.7,157861,0,1
2022-05-05 00:00:00+00:00,4.29,4.58,4.2,4.58,146089,4.29,4.58,4.2,4.58,146089,0,1
2022-05-06 00:00:00+00:00,4.28,4.4,4.02,4.28,283844,4.28,4.4,4.02,4.28,283844,0,1
2022-05-09 00:00:00+00:00,4.0,4.23,3.87,4.12,799528,4.0,4.23,3.87,4.12,799528,0,1
2022-05-10 00:00:00+00:00,4.38,4.5600000000000005,4.02,4.02,279300,4.38,4.5600000000000005,4.02,4.02,279300,0,1
2022-05-11 00:00:00+00:00,4.04,4.66,3.9699999999999998,4.33,271774,4.04,4.66,3.9699999999999998,4.33,271774,0,1
2022-05-12 00:00:00+00:00,4.31,4.47,3.92,3.99,176514,4.31,4.47,3.92,3.99,176514,0,1
2022-05-13 00:00:00+00:00,4.62,4.74,4.38,4.38,180829,4.62,4.74,4.38,4.38,180829,0,1
2022-05-16 00:00:00+00:00,4.73,4.77,4.471,4.58,162839,4.73,4.77,4.471,4.58,162839,0,1
2022-05-17 00:00:00+00:00,4.87,4.92,4.5401,4.75,177354,4.87,4.92,4.5401,4.75,177354,0,1
2022-05-18 00:00:00+00:00,4.45,4.8,4.42,4.71,193314,4.45,4.8,4.42,4.71,193314,0,1
2022-05-19 00:00:00+00:00,4.47,4.54,4.3,4.41,102163,4.47,4.54,4.3,4.41,102163,0,1
2022-05-20 00:00:00+00:00,4.53,4.57,4.31,4.51,250818,4.53,4.57,4.31,4.51,250818,0,1
2022-05-23 00:00:00+00:00,4.52,4.58,4.415,4.58,177756,4.52,4.58,4.415,4.58,177756,0,1
2022-05-24 00:00:00+00:00,4.36,4.45,4.34,4.45,163845,4.36,4.45,4.34,4.45,163845,0,1
2022-05-25 00:00:00+00:00,4.42,4.49,4.28,4.35,178351,4.42,4.49,4.28,4.35,178351,0,1
2022-05-26 00:00:00+00:00,4.54,4.6,4.27,4.43,105996,4.54,4.6,4.27,4.43,105996,0,1
2022-05-27 00:00:00+00:00,4.57,4.58,4.34,4.52,117769,4.57,4.58,4.34,4.52,117769,0,1
2022-05-31 00:00:00+00:00,4.2,4.66,4.19,4.5600000000000005,404304,4.2,4.66,4.19,4.5600000000000005,404304,0,1
2022-06-01 00:00:00+00:00,4.21,4.35,4.165,4.27,220452,4.21,4.35,4.165,4.27,220452,0,1
2022-06-02 00:00:00+00:00,4.63,4.675,4.2575,4.31,123348,4.63,4.675,4.2575,4.31,123348,0,1
2022-06-03 00:00:00+00:00,4.75,4.94,4.323,4.57,157361,4.75,4.94,4.323,4.57,157361,0,1
2022-06-06 00:00:00+00:00,4.35,4.89,4.28,4.85,565708,4.35,4.89,4.28,4.85,565708,0,1
2022-06-07 00:00:00+00:00,4.78,4.8,4.27,4.27,212297,4.78,4.8,4.27,4.27,212297,0,1
2022-06-08 00:00:00+00:00,5.1,5.26,4.74,4.74,206457,5.1,5.26,4.74,4.74,206457,0,1
2022-06-09 00:00:00+00:00,4.88,5.1,4.87,5.1,148479,4.88,5.1,4.87,5.1,148479,0,1
2022-06-10 00:00:00+00:00,4.59,4.8299,4.51,4.74,142602,4.59,4.8299,4.51,4.74,142602,0,1
2022-06-13 00:00:00+00:00,4.35,4.47,4.22,4.36,155330,4.35,4.47,4.22,4.36,155330,0,1
2022-06-14 00:00:00+00:00,4.32,4.53,4.2,4.42,96085,4.32,4.53,4.2,4.42,96085,0,1
2022-06-15 00:00:00+00:00,4.5,4.52,4.27,4.34,207335,4.5,4.52,4.27,4.34,207335,0,1
2022-06-16 00:00:00+00:00,4.44,4.455,4.26,4.31,191268,4.44,4.455,4.26,4.31,191268,0,1
2022-06-17 00:00:00+00:00,4.74,4.94,4.3328,4.44,307678,4.74,4.94,4.3328,4.44,307678,0,1
2022-06-21 00:00:00+00:00,5.01,5.04,4.675,4.8100000000000005,204061,5.01,5.04,4.675,4.8100000000000005,204061,0,1
2022-06-22 00:00:00+00:00,5.09,5.22,4.825,4.92,188198,5.09,5.22,4.825,4.92,188198,0,1
2022-06-23 00:00:00+00:00,5.29,5.31,4.93,5.1,150154,5.29,5.31,4.93,5.1,150154,0,1
2022-06-24 00:00:00+00:00,5.46,5.74,5.23,5.31,1374409,5.46,5.74,5.23,5.31,1374409,0,1
2022-06-27 00:00:00+00:00,5.4,5.595,5.25,5.42,117089,5.4,5.595,5.25,5.42,117089,0,1
2022-06-28 00:00:00+00:00,5.0,5.54,4.92,5.46,109447,5.0,5.54,4.92,5.46,109447,0,1
2022-06-29 00:00:00+00:00,5.18,5.19,4.8100000000000005,5.01,125648,5.18,5.19,4.8100000000000005,5.01,125648,0,1
2022-06-30 00:00:00+00:00,5.22,5.27,4.98,5.09,80284,5.22,5.27,4.98,5.09,80284,0,1
2022-07-01 00:00:00+00:00,5.3,5.46,5.1675,5.26,80140,5.3,5.46,5.1675,5.26,80140,0,1
2022-07-05 00:00:00+00:00,5.15,5.43,5.0,5.2,130087,5.15,5.43,5.0,5.2,130087,0,1
2022-07-06 00:00:00+00:00,5.52,5.79,5.2,5.21,106572,5.52,5.79,5.2,5.21,106572,0,1
2022-07-07 00:00:00+00:00,5.51,5.77,5.465,5.5,215090,5.51,5.77,5.465,5.5,215090,0,1
2022-07-08 00:00:00+00:00,5.42,5.53,5.36,5.47,111666,5.42,5.53,5.36,5.47,111666,0,1
2022-07-11 00:00:00+00:00,5.21,5.46,5.19,5.38,81160,5.21,5.46,5.19,5.38,81160,0,1
2022-07-12 00:00:00+00:00,5.23,5.32,4.9954,5.19,51652,5.23,5.32,4.9954,5.19,51652,0,1
2022-07-13 00:00:00+00:00,5.34,5.89,4.77,5.12,206727,5.34,5.89,4.77,5.12,206727,0,1
2022-07-14 00:00:00+00:00,5.28,5.5,5.19,5.26,135550,5.28,5.5,5.19,5.26,135550,0,1
2022-07-15 00:00:00+00:00,5.22,5.43,5.0923,5.32,98950,5.22,5.43,5.0923,5.32,98950,0,1
2022-07-18 00:00:00+00:00,5.26,5.405,5.2,5.31,120823,5.26,5.405,5.2,5.31,120823,0,1
2022-07-19 00:00:00+00:00,5.87,5.94,5.15,5.2,311346,5.87,5.94,5.15,5.2,311346,0,1
2022-07-20 00:00:00+00:00,6.08,6.22,5.7,5.74,86981,6.08,6.22,5.7,5.74,86981,0,1
2022-07-21 00:00:00+00:00,5.91,6.06,5.8100000000000005,6.06,98927,5.91,6.06,5.8100000000000005,6.06,98927,0,1
2022-07-22 00:00:00+00:00,5.91,5.98,5.67,5.98,121085,5.91,5.98,5.67,5.98,121085,0,1
2022-07-25 00:00:00+00:00,5.8,5.99,5.6850000000000005,5.99,95223,5.8,5.99,5.6850000000000005,5.99,95223,0,1
2022-07-26 00:00:00+00:00,5.92,6.02,5.43,5.8100000000000005,66228,5.92,6.02,5.43,5.8100000000000005,66228,0,1
2022-07-27 00:00:00+00:00,5.89,5.95,5.5600000000000005,5.95,77811,5.89,5.95,5.5600000000000005,5.95,77811,0,1
2022-07-28 00:00:00+00:00,5.55,5.89,5.53,5.72,80484,5.55,5.89,5.53,5.72,80484,0,1
2022-07-29 00:00:00+00:00,5.0,5.78,4.95,5.7,131409,5.0,5.78,4.95,5.7,131409,0,1
2022-08-01 00:00:00+00:00,5.05,5.2,4.84,4.91,68957,5.05,5.2,4.84,4.91,68957,0,1
2022-08-02 00:00:00+00:00,5.23,5.3225,4.88,4.88,68007,5.23,5.3225,4.88,4.88,68007,0,1
2022-08-03 00:00:00+00:00,5.48,5.7,5.35,5.35,61299,5.48,5.7,5.35,5.35,61299,0,1
2022-08-04 00:00:00+00:00,5.73,5.796,5.4,5.5,91383,5.73,5.796,5.4,5.5,91383,0,1
2022-08-05 00:00:00+00:00,6.17,6.21,5.55,5.61,89369,6.17,6.21,5.55,5.61,89369,0,1
2022-08-08 00:00:00+00:00,6.55,6.6,6.12,6.29,97509,6.55,6.6,6.12,6.29,97509,0,1
2022-08-09 00:00:00+00:00,6.51,6.57,6.0,6.45,196693,6.51,6.57,6.0,6.45,196693,0,1
2022-08-10 00:00:00+00:00,7.97,7.98,6.55,6.55,181874,7.97,7.98,6.55,6.55,181874,0,1
2022-08-11 00:00:00+00:00,8.31,8.4,7.7815,7.97,115771,8.31,8.4,7.7815,7.97,115771,0,1
2022-08-12 00:00:00+00:00,8.67,8.75,8.0,8.28,65608,8.67,8.75,8.0,8.28,65608,0,1
2022-08-15 00:00:00+00:00,8.82,8.85,8.345,8.54,76429,8.82,8.85,8.345,8.54,76429,0,1
2022-08-16 00:00:00+00:00,8.22,8.8899,8.1,8.76,119973,8.22,8.8899,8.1,8.76,119973,0,1
2022-08-17 00:00:00+00:00,8.1,8.51,8.05,8.05,126907,8.1,8.51,8.05,8.05,126907,0,1
2022-08-18 00:00:00+00:00,8.52,8.55,7.91,7.95,131700,8.52,8.55,7.91,7.95,131700,0,1
2022-08-19 00:00:00+00:00,8.45,8.89,8.1301,8.5,102511,8.45,8.89,8.1301,8.5,102511,0,1
2022-08-22 00:00:00+00:00,8.21,8.44,8.03,8.37,71972,8.21,8.44,8.03,8.37,71972,0,1
2022-08-23 00:00:00+00:00,8.49,8.515,8.205,8.22,72922,8.49,8.515,8.205,8.22,72922,0,1
2022-08-24 00:00:00+00:00,8.55,8.9,8.43,8.53,65612,8.55,8.9,8.43,8.53,65612,0,1
2022-08-25 00:00:00+00:00,8.27,8.65,8.19,8.65,42600,8.27,8.65,8.19,8.65,42600,0,1
2022-08-26 00:00:00+00:00,7.78,8.36,7.735,8.36,110418,7.78,8.36,7.735,8.36,110418,0,1
2022-08-29 00:00:00+00:00,7.67,8.1,7.42,7.79,67198,7.67,8.1,7.42,7.79,67198,0,1
2022-08-30 00:00:00+00:00,7.12,7.83,7.12,7.63,38067,7.12,7.83,7.12,7.63,38067,0,1
2022-08-31 00:00:00+00:00,7.2,7.94,6.86,7.09,101340,7.2,7.94,6.86,7.09,101340,0,1
2022-09-01 00:00:00+00:00,7.67,7.67,7.045,7.23,83385,7.67,7.67,7.045,7.23,83385,0,1
2022-09-02 00:00:00+00:00,7.67,7.8818,7.51,7.68,28098,7.67,7.8818,7.51,7.68,28098,0,1
2022-09-06 00:00:00+00:00,7.25,7.66,6.92,7.62,103792,7.25,7.66,6.92,7.62,103792,0,1
2022-09-07 00:00:00+00:00,7.5600000000000005,7.58,7.215,7.25,33510,7.5600000000000005,7.58,7.215,7.25,33510,0,1
2022-09-08 00:00:00+00:00,7.94,8.1,7.42,7.42,68199,7.94,8.1,7.42,7.42,68199,0,1
2022-09-09 00:00:00+00:00,7.75,7.929,7.45,7.45,95532,7.75,7.929,7.45,7.45,95532,0,1
2022-09-12 00:00:00+00:00,7.71,8.0,7.4,7.72,50927,7.71,8.0,7.4,7.72,50927,0,1
2022-09-13 00:00:00+00:00,7.84,8.6,7.3241,7.39,106084,7.84,8.6,7.3241,7.39,106084,0,1
2022-09-14 00:00:00+00:00,7.47,7.8100000000000005,7.33,7.75,113497,7.47,7.8100000000000005,7.33,7.75,113497,0,1
2022-09-15 00:00:00+00:00,7.52,7.55,7.36,7.52,29574,7.52,7.55,7.36,7.52,29574,0,1
2022-09-16 00:00:00+00:00,6.94,7.64,6.845,7.4,124575,6.94,7.64,6.845,7.4,124575,0,1
2022-09-19 00:00:00+00:00,6.85,6.9999,6.55,6.87,89255,6.85,6.9999,6.55,6.87,89255,0,1
2022-09-20 00:00:00+00:00,7.06,7.12,6.71,6.76,22657,7.06,7.12,6.71,6.76,22657,0,1
2022-09-21 00:00:00+00:00,6.69,7.18,6.6,7.18,69369,6.69,7.18,6.6,7.18,69369,0,1
2022-09-22 00:00:00+00:00,6.76,6.83,6.57,6.69,24182,6.76,6.83,6.57,6.69,24182,0,1
2022-09-23 00:00:00+00:00,6.63,6.69,6.47,6.6518,52180,6.63,6.69,6.47,6.6518,52180,0,1
2022-09-26 00:00:00+00:00,6.6,7.4742,6.55,7.18,42330,6.6,7.4742,6.55,7.18,42330,0,1
2022-09-27 00:00:00+00:00,6.33,6.82,6.175,6.65,49715,6.33,6.82,6.175,6.65,49715,0,1
2022-09-28 00:00:00+00:00,6.63,7.0,6.21,6.48,86865,6.63,7.0,6.21,6.48,86865,0,1
2022-09-29 00:00:00+00:00,6.52,6.69,6.11,6.69,41774,6.52,6.69,6.11,6.69,41774,0,1
2022-09-30 00:00:00+00:00,6.61,7.0,6.45,6.89,42176,6.61,7.0,6.45,6.89,42176,0,1
2022-10-03 00:00:00+00:00,6.8100000000000005,7.0,6.3824,6.65,43864,6.8100000000000005,7.0,6.3824,6.65,43864,0,1
2022-10-04 00:00:00+00:00,7.13,7.305,6.88,6.88,35359,7.13,7.305,6.88,6.88,35359,0,1
2022-10-05 00:00:00+00:00,7.11,7.325,6.33,6.86,37003,7.11,7.325,6.33,6.86,37003,0,1
2022-10-06 00:00:00+00:00,7.37,7.495,7.03,7.17,26081,7.37,7.495,7.03,7.17,26081,0,1
2022-10-07 00:00:00+00:00,6.97,7.4699,6.08,6.675,192125,6.97,7.4699,6.08,6.675,192125,0,1
2022-10-10 00:00:00+00:00,6.74,7.05,6.59,6.96,65737,6.74,7.05,6.59,6.96,65737,0,1
2022-10-11 00:00:00+00:00,6.51,6.9003,6.44,6.6639,36464,6.51,6.9003,6.44,6.6639,36464,0,1
2022-10-12 00:00:00+00:00,6.65,6.77,6.2872,6.55,58179,6.65,6.77,6.2872,6.55,58179,0,1
2022-10-13 00:00:00+00:00,6.71,7.01,5.77,5.77,58982,6.71,7.01,5.77,5.77,58982,0,1
2022-10-14 00:00:00+00:00,6.57,7.1727,6.36,7.1727,53323,6.57,7.1727,6.36,7.1727,53323,0,1
2022-10-17 00:00:00+00:00,6.5600000000000005,6.8100000000000005,6.37,6.64,80013,6.5600000000000005,6.8100000000000005,6.37,6.64,80013,0,1
2022-10-18 00:00:00+00:00,6.44,6.78,5.895,6.78,151632,6.44,6.78,5.895,6.78,151632,0,1
2022-10-19 00:00:00+00:00,6.18,6.69,6.17,6.665,43755,6.18,6.69,6.17,6.665,43755,0,1
2022-10-20 00:00:00+00:00,6.12,6.38,6.115,6.18,18441,6.12,6.38,6.115,6.18,18441,0,1
2022-10-21 00:00:00+00:00,6.21,6.31,6.0,6.11,50400,6.21,6.31,6.0,6.11,50400,0,1
2022-10-24 00:00:00+00:00,6.63,6.69,5.925,6.25,33974,6.63,6.69,5.925,6.25,33974,0,1
2022-10-25 00:00:00+00:00,6.8100000000000005,6.93,6.62,6.7513000000000005,24778,6.8100000000000005,6.93,6.62,6.7513000000000005,24778,0,1
2022-10-26 00:00:00+00:00,7.18,7.32,6.7308,6.805,27135,7.18,7.32,6.7308,6.805,27135,0,1
2022-10-27 00:00:00+00:00,6.7,7.34,6.44,7.34,31448,6.7,7.34,6.44,7.34,31448,0,1
2022-10-28 00:00:00+00:00,6.74,7.0,6.475,6.77,38130,6.74,7.0,6.475,6.77,38130,0,1
2022-10-31 00:00:00+00:00,6.69,7.05,6.5600000000000005,6.72,103851,6.69,7.05,6.5600000000000005,6.72,103851,0,1
2022-11-01 00:00:00+00:00,6.65,6.96,6.55,6.855,41845,6.65,6.96,6.55,6.855,41845,0,1
2022-11-02 00:00:00+00:00,6.68,6.8,6.38,6.72,31103,6.68,6.8,6.38,6.72,31103,0,1
2022-11-03 00:00:00+00:00,6.66,6.87,6.42,6.62,31619,6.66,6.87,6.42,6.62,31619,0,1
2022-11-04 00:00:00+00:00,7.37,7.5600000000000005,6.43,6.95,99194,7.37,7.5600000000000005,6.43,6.95,99194,0,1
2022-11-07 00:00:00+00:00,7.68,7.98,6.8389,7.26,42203,7.68,7.98,6.8389,7.26,42203,0,1
2022-11-08 00:00:00+00:00,7.25,7.63,7.045,7.62,27085,7.25,7.63,7.045,7.62,27085,0,1
2022-11-09 00:00:00+00:00,7.19,7.54,7.08,7.33,41287,7.19,7.54,7.08,7.33,41287,0,1
2022-11-10 00:00:00+00:00,7.74,7.85,7.36,7.68,41669,7.74,7.85,7.36,7.68,41669,0,1
2022-11-11 00:00:00+00:00,8.5,8.56,7.92,7.9778,350420,8.5,8.56,7.92,7.9778,350420,0,1
2022-11-14 00:00:00+00:00,7.75,8.665,7.7,8.47,85441,7.75,8.665,7.7,8.47,85441,0,1
2022-11-15 00:00:00+00:00,7.8,8.15,7.1801,7.98,144064,7.8,8.15,7.1801,7.98,144064,0,1
2022-11-16 00:00:00+00:00,7.7,7.7,6.9378,7.5600000000000005,36079,7.7,7.7,6.9378,7.5600000000000005,36079,0,1
2022-11-17 00:00:00+00:00,7.83,7.85,7.055,7.2178,65950,7.83,7.85,7.055,7.2178,65950,0,1
2022-11-18 00:00:00+00:00,7.44,8.46,7.405,7.8,68691,7.44,8.46,7.405,7.8,68691,0,1
2022-11-21 00:00:00+00:00,6.53,7.2392,6.49,7.06,45268,6.53,7.2392,6.49,7.06,45268,0,1
2022-11-22 00:00:00+00:00,6.49,7.08,6.0,6.63,86551,6.49,7.08,6.0,6.63,86551,0,1
2022-11-23 00:00:00+00:00,6.67,6.754,5.7425,6.27,24891,6.67,6.754,5.7425,6.27,24891,0,1
2022-11-25 00:00:00+00:00,6.82,6.82,6.43,6.76,5300,6.82,6.82,6.43,6.76,5300,0,1
2022-11-28 00:00:00+00:00,6.42,6.8,6.34,6.67,57226,6.42,6.8,6.34,6.67,57226,0,1
2022-11-29 00:00:00+00:00,6.37,6.86,6.28,6.43,20909,6.37,6.86,6.28,6.43,20909,0,1
2022-11-30 00:00:00+00:00,6.67,6.87,6.4,6.44,23424,6.67,6.87,6.4,6.44,23424,0,1
2022-12-01 00:00:00+00:00,6.61,6.8,6.39,6.75,27033,6.61,6.8,6.39,6.75,27033,0,1
2022-12-02 00:00:00+00:00,7.09,7.14,6.3551,6.5600000000000005,28836,7.09,7.14,6.3551,6.5600000000000005,28836,0,1
2022-12-05 00:00:00+00:00,6.2,7.4299,6.0,7.1,53793,6.2,7.4299,6.0,7.1,53793,0,1
2022-12-06 00:00:00+00:00,6.27,6.48,6.01,6.12,44290,6.27,6.48,6.01,6.12,44290,0,1
2022-12-07 00:00:00+00:00,4.95,6.38,4.8,6.33,749591,4.95,6.38,4.8,6.33,749591,0,1
2022-12-08 00:00:00+00:00,5.06,5.13,4.49,4.89,182784,5.06,5.13,4.49,4.89,182784,0,1
2022-12-09 00:00:00+00:00,4.98,5.18,4.7515,4.97,150626,4.98,5.18,4.7515,4.97,150626,0,1
2022-12-12 00:00:00+00:00,4.7,5.11,4.6,5.01,54280,4.7,5.11,4.6,5.01,54280,0,1
2022-12-13 00:00:00+00:00,4.98,5.0,4.61,4.9,110258,4.98,5.0,4.61,4.9,110258,0,1
2022-12-14 00:00:00+00:00,5.2,5.22,5.0,5.0,186695,5.2,5.22,5.0,5.0,186695,0,1
2022-12-15 00:00:00+00:00,5.2,5.3,5.0858,5.0858,216805,5.2,5.3,5.0858,5.0858,216805,0,1
2022-12-16 00:00:00+00:00,5.17,5.23,5.01,5.11,63623,5.17,5.23,5.01,5.11,63623,0,1
2022-12-19 00:00:00+00:00,4.94,5.18,4.825,5.17,28597,4.94,5.18,4.825,5.17,28597,0,1
2022-12-20 00:00:00+00:00,4.98,5.2,4.86,4.86,55249,4.98,5.2,4.86,4.86,55249,0,1
2022-12-21 00:00:00+00:00,4.9,5.17,4.75,5.12,36433,4.9,5.17,4.75,5.12,36433,0,1
2022-12-22 00:00:00+00:00,5.04,5.1,4.61,4.85,62726,5.04,5.1,4.61,4.85,62726,0,1
2022-12-23 00:00:00+00:00,5.1,5.1999,4.82,5.06,26940,5.1,5.1999,4.82,5.06,26940,0,1
2022-12-27 00:00:00+00:00,4.61,5.11,4.61,5.07,49559,4.61,5.11,4.61,5.07,49559,0,1
2022-12-28 00:00:00+00:00,5.09,5.21,4.61,4.61,132160,5.09,5.21,4.61,4.61,132160,0,1
2022-12-29 00:00:00+00:00,5.5600000000000005,5.58,5.03,5.03,84451,5.5600000000000005,5.58,5.03,5.03,84451,0,1
2022-12-30 00:00:00+00:00,6.04,6.1364,4.95,5.55,212190,6.04,6.1364,4.95,5.55,212190,0,1
2023-01-03 00:00:00+00:00,5.02,5.99,4.79,5.99,134045,5.02,5.99,4.79,5.99,134045,0,1
2023-01-04 00:00:00+00:00,4.94,5.05,4.875,5.03,28869,4.94,5.05,4.875,5.03,28869,0,1
2023-01-05 00:00:00+00:00,4.58,4.86,4.42,4.86,58199,4.58,4.86,4.42,4.86,58199,0,1
2023-01-06 00:00:00+00:00,4.61,4.79,4.53,4.67,16072,4.61,4.79,4.53,4.67,16072,0,1
2023-01-09 00:00:00+00:00,4.64,4.84,4.54,4.5559,23137,4.64,4.84,4.54,4.5559,23137,0,1
2023-01-10 00:00:00+00:00,5.19,5.28,4.5796,4.61,89667,5.19,5.28,4.5796,4.61,89667,0,1
2023-01-11 00:00:00+00:00,5.39,5.44,4.9523,5.09,64211,5.39,5.44,4.9523,5.09,64211,0,1
2023-01-12 00:00:00+00:00,5.75,5.8,5.3001000000000005,5.42,25333,5.75,5.8,5.3001000000000005,5.42,25333,0,1
2023-01-13 00:00:00+00:00,6.01,6.09,5.72,5.72,45205,6.01,6.09,5.72,5.72,45205,0,1
2023-01-17 00:00:00+00:00,6.19,6.28,5.73,6.01,89908,6.19,6.28,5.73,6.01,89908,0,1
2023-01-18 00:00:00+00:00,6.76,6.9,6.0585,6.0585,99852,6.76,6.9,6.0585,6.0585,99852,0,1
2023-01-19 00:00:00+00:00,6.98,7.03,6.3984,6.7,48906,6.98,7.03,6.3984,6.7,48906,0,1
2023-01-20 00:00:00+00:00,7.29,7.43,6.98,7.04,52391,7.29,7.43,6.98,7.04,52391,0,1
2023-01-23 00:00:00+00:00,7.23,7.32,6.83,7.32,94129,7.23,7.32,6.83,7.32,94129,0,1
2023-01-24 00:00:00+00:00,7.27,7.44,6.955,7.275,77810,7.27,7.44,6.955,7.275,77810,0,1
2023-01-25 00:00:00+00:00,7.34,7.62,6.6183,7.31,125450,7.34,7.62,6.6183,7.31,125450,0,1
2023-01-26 00:00:00+00:00,7.02,7.65,6.8801,7.245,93323,7.02,7.65,6.8801,7.245,93323,0,1
2023-01-27 00:00:00+00:00,6.42,7.1974,6.33,7.1974,65503,6.42,7.1974,6.33,7.1974,65503,0,1
2023-01-30 00:00:00+00:00,6.07,6.52,6.04,6.45,40031,6.07,6.52,6.04,6.45,40031,0,1
2023-01-31 00:00:00+00:00,6.38,6.58,6.02,6.02,73157,6.38,6.58,6.02,6.02,73157,0,1
2023-02-01 00:00:00+00:00,6.59,6.68,6.3,6.52,52513,6.59,6.68,6.3,6.52,52513,0,1
2023-02-02 00:00:00+00:00,7.1,7.215,6.679,6.73,29768,7.1,7.215,6.679,6.73,29768,0,1
2023-02-03 00:00:00+00:00,7.06,7.21,6.91,6.91,21544,7.06,7.21,6.91,6.91,21544,0,1
2023-02-06 00:00:00+00:00,7.14,7.4,6.945,6.945,39588,7.14,7.4,6.945,6.945,39588,0,1
2023-02-07 00:00:00+00:00,7.2,7.42,6.85,7.26,108038,7.2,7.42,6.85,7.26,108038,0,1
2023-02-08 00:00:00+00:00,6.37,7.26,6.36,7.09,48502,6.37,7.26,6.36,7.09,48502,0,1
2023-02-09 00:00:00+00:00,6.08,6.84,6.08,6.35,53238,6.08,6.84,6.08,6.35,53238,0,1
2023-02-10 00:00:00+00:00,5.97,6.02,5.67,6.02,38509,5.97,6.02,5.67,6.02,38509,0,1
2023-02-13 00:00:00+00:00,5.59,5.9551,5.46,5.9551,24551,5.59,5.9551,5.46,5.9551,24551,0,1
2023-02-14 00:00:00+00:00,5.43,5.675,5.31,5.61,26955,5.43,5.675,5.31,5.61,26955,0,1
2023-02-15 00:00:00+00:00,5.785,5.86,5.405,5.46,22255,5.785,5.86,5.405,5.46,22255,0,1
2023-02-16 00:00:00+00:00,5.47,5.73,5.18,5.71,74769,5.47,5.73,5.18,5.71,74769,0,1
2023-02-17 00:00:00+00:00,5.84,5.9,5.34,5.5,45273,5.84,5.9,5.34,5.5,45273,0,1
2023-02-21 00:00:00+00:00,5.6,6.04,5.525,5.84,112890,5.6,6.04,5.525,5.84,112890,0,1
2023-02-22 00:00:00+00:00,5.6,6.295,5.52,5.7,132077,5.6,6.295,5.52,5.7,132077,0,1
2023-02-23 00:00:00+00:00,5.77,5.88,5.42,5.65,32076,5.77,5.88,5.42,5.65,32076,0,1
2023-02-24 00:00:00+00:00,5.53,5.72,5.44,5.62,29284,5.53,5.72,5.44,5.62,29284,0,1
2023-02-27 00:00:00+00:00,5.58,5.67,5.43,5.52,28709,5.58,5.67,5.43,5.52,28709,0,1
2023-02-28 00:00:00+00:00,5.66,6.03,5.52,5.63,34202,5.66,6.03,5.52,5.63,34202,0,1
2023-03-01 00:00:00+00:00,5.93,6.035,5.69,5.77,52851,5.93,6.035,5.69,5.77,52851,0,1
2023-03-02 00:00:00+00:00,5.8,6.015,5.78,5.92,28232,5.8,6.015,5.78,5.92,28232,0,1
2023-03-03 00:00:00+00:00,6.12,6.24,5.61,5.8,58855,6.12,6.24,5.61,5.8,58855,0,1
2023-03-06 00:00:00+00:00,5.91,6.04,5.61,6.04,58931,5.91,6.04,5.61,6.04,58931,0,1
2023-03-07 00:00:00+00:00,5.96,6.105,5.82,5.93,45515,5.96,6.105,5.82,5.93,45515,0,1
2023-03-08 00:00:00+00:00,6.03,6.17,5.8100000000000005,5.96,53522,6.03,6.17,5.8100000000000005,5.96,53522,0,1
2023-03-09 00:00:00+00:00,5.99,6.1,5.6,6.09,42485,5.99,6.1,5.6,6.09,42485,0,1
2023-03-10 00:00:00+00:00,6.03,6.18,5.73,5.86,63658,6.03,6.18,5.73,5.86,63658,0,1
2023-03-13 00:00:00+00:00,5.9,6.125,5.8,5.99,53404,5.9,6.125,5.8,5.99,53404,0,1
2023-03-14 00:00:00+00:00,6.01,6.22,5.85,6.01,88967,6.01,6.22,5.85,6.01,88967,0,1
2023-03-15 00:00:00+00:00,6.52,6.6175,5.4,5.66,35755,6.52,6.6175,5.4,5.66,35755,0,1
2023-03-16 00:00:00+00:00,6.5600000000000005,6.74,6.0618,6.43,34674,6.5600000000000005,6.74,6.0618,6.43,34674,0,1
2023-03-17 00:00:00+00:00,6.74,6.92,6.27,6.5600000000000005,119435,6.74,6.92,6.27,6.5600000000000005,119435,0,1
2023-03-20 00:00:00+00:00,6.73,6.74,6.28,6.74,30324,6.73,6.74,6.28,6.74,30324,0,1
2023-03-21 00:00:00+00:00,5.97,6.9,5.87,6.9,69199,5.97,6.9,5.87,6.9,69199,0,1
2023-03-22 00:00:00+00:00,6.08,6.37,5.4,5.96,431425,6.08,6.37,5.4,5.96,431425,0,1
2023-03-23 00:00:00+00:00,6.46,6.59,5.77,6.06,35399,6.46,6.59,5.77,6.06,35399,0,1
2023-03-24 00:00:00+00:00,6.44,6.6,6.1734,6.6,25981,6.44,6.6,6.1734,6.6,25981,0,1
2023-03-27 00:00:00+00:00,6.27,6.5600000000000005,6.19,6.43,33124,6.27,6.5600000000000005,6.19,6.43,33124,0,1
2023-03-28 00:00:00+00:00,5.95,6.35,5.63,5.95,63874,5.95,6.35,5.63,5.95,63874,0,1
2023-03-29 00:00:00+00:00,6.4,6.51,5.865,6.1,30335,6.4,6.51,5.865,6.1,30335,0,1
2023-03-30 00:00:00+00:00,6.23,6.6721,6.08,6.4,50609,6.23,6.6721,6.08,6.4,50609,0,1
2023-03-31 00:00:00+00:00,5.7,6.62,5.6,6.33,199776,5.7,6.62,5.6,6.33,199776,0,1
2023-04-03 00:00:00+00:00,6.6,6.76,5.78,5.78,80949,6.6,6.76,5.78,5.78,80949,0,1
2023-04-04 00:00:00+00:00,6.06,6.58,6.035,6.58,25652,6.06,6.58,6.035,6.58,25652,0,1
2023-04-05 00:00:00+00:00,6.23,6.37,5.95,5.95,510719,6.23,6.37,5.95,5.95,510719,0,1
2023-04-06 00:00:00+00:00,6.16,6.4,5.94,6.19,353330,6.16,6.4,5.94,6.19,353330,0,1
2023-04-10 00:00:00+00:00,6.99,7.45,6.02,6.06,283153,6.99,7.45,6.02,6.06,283153,0,1
2023-04-11 00:00:00+00:00,7.62,7.84,6.88,7.06,56159,7.62,7.84,6.88,7.06,56159,0,1
2023-04-12 00:00:00+00:00,7.68,7.74,7.3745,7.62,55517,7.68,7.74,7.3745,7.62,55517,0,1
2023-04-13 00:00:00+00:00,8.06,8.19,7.495,7.6,91295,8.06,8.19,7.495,7.6,91295,0,1
2023-04-14 00:00:00+00:00,8.12,8.28,7.9,8.05,103752,8.12,8.28,7.9,8.05,103752,0,1
2023-04-17 00:00:00+00:00,8.04,8.565,7.9204,8.08,56143,8.04,8.565,7.9204,8.08,56143,0,1
2023-04-18 00:00:00+00:00,7.24,8.4363,7.17,7.98,42610,7.24,8.4363,7.17,7.98,42610,0,1
2023-04-19 00:00:00+00:00,6.54,7.25,6.41,7.24,95202,6.54,7.25,6.41,7.24,95202,0,1
2023-04-20 00:00:00+00:00,5.98,6.55,5.91,6.55,89554,5.98,6.55,5.91,6.55,89554,0,1
2023-04-21 00:00:00+00:00,6.14,6.35,5.98,5.98,17867,6.14,6.35,5.98,5.98,17867,0,1
2023-04-24 00:00:00+00:00,6.31,6.4789,5.99,6.09,66108,6.31,6.4789,5.99,6.09,66108,0,1
2023-04-25 00:00:00+00:00,5.87,6.305,5.87,6.3,49784,5.87,6.305,5.87,6.3,49784,0,1
2023-04-26 00:00:00+00:00,6.02,6.23,5.87,5.87,30038,6.02,6.23,5.87,5.87,30038,0,1
2023-04-27 00:00:00+00:00,5.75,6.09,5.71,5.71,37992,5.75,6.09,5.71,5.71,37992,0,1
2023-04-28 00:00:00+00:00,6.46,6.52,5.75,5.75,91760,6.46,6.52,5.75,5.75,91760,0,1
2023-05-01 00:00:00+00:00,6.16,6.6,6.12,6.41,25233,6.16,6.6,6.12,6.41,25233,0,1
2023-05-02 00:00:00+00:00,6.4,6.41,6.03,6.07,63781,6.4,6.41,6.03,6.07,63781,0,1
2023-05-03 00:00:00+00:00,6.36,6.69,6.085,6.36,51904,6.36,6.69,6.085,6.36,51904,0,1
2023-05-04 00:00:00+00:00,6.1,6.7465,5.831,6.3,36556,6.1,6.7465,5.831,6.3,36556,0,1
2023-05-05 00:00:00+00:00,6.51,6.89,6.02,6.05,47787,6.51,6.89,6.02,6.05,47787,0,1
2023-05-08 00:00:00+00:00,6.37,6.49,6.0,6.48,35329,6.37,6.49,6.0,6.48,35329,0,1
2023-05-09 00:00:00+00:00,6.26,6.41,6.07,6.41,25053,6.26,6.41,6.07,6.41,25053,0,1
2023-05-10 00:00:00+00:00,6.46,6.585,6.13,6.25,40463,6.46,6.585,6.13,6.25,40463,0,1
2023-05-11 00:00:00+00:00,6.5600000000000005,6.73,6.36,6.48,23519,6.5600000000000005,6.73,6.36,6.48,23519,0,1
2023-05-12 00:00:00+00:00,6.73,6.875,6.35,6.6,48646,6.73,6.875,6.35,6.6,48646,0,1
2023-05-15 00:00:00+00:00,6.64,6.8,6.58,6.8,24567,6.64,6.8,6.58,6.8,24567,0,1
2023-05-16 00:00:00+00:00,6.51,6.88,6.4,6.72,25023,6.51,6.88,6.4,6.72,25023,0,1
2023-05-17 00:00:00+00:00,6.3,6.61,6.25,6.26,35824,6.3,6.61,6.25,6.26,35824,0,1
2023-05-18 00:00:00+00:00,5.58,6.14,5.37,5.53,1077230,5.58,6.14,5.37,5.53,1077230,0,1
2023-05-19 00:00:00+00:00,5.55,5.8100000000000005,5.2501,5.8100000000000005,231030,5.55,5.8100000000000005,5.2501,5.8100000000000005,231030,0,1
2023-05-22 00:00:00+00:00,5.47,5.84,5.3502,5.59,258781,5.47,5.84,5.3502,5.59,258781,0,1
2023-05-23 00:00:00+00:00,5.45,5.9,5.45,5.45,91024,5.45,5.9,5.45,5.45,91024,0,1
2023-05-24 00:00:00+00:00,5.16,5.7265,4.91,5.39,166158,5.16,5.7265,4.91,5.39,166158,0,1
2023-05-25 00:00:00+00:00,5.26,5.6,5.08,5.5600000000000005,130805,5.26,5.6,5.08,5.5600000000000005,130805,0,1
2023-05-26 00:00:00+00:00,5.53,5.7264,5.23,5.23,70643,5.53,5.7264,5.23,5.23,70643,0,1
2023-05-30 00:00:00+00:00,5.79,5.85,5.62,5.62,106068,5.79,5.85,5.62,5.62,106068,0,1
2023-05-31 00:00:00+00:00,5.58,5.8953,5.5600000000000005,5.73,160240,5.58,5.8953,5.5600000000000005,5.73,160240,0,1
2023-06-01 00:00:00+00:00,5.5600000000000005,5.7699,5.53,5.62,38535,5.5600000000000005,5.7699,5.53,5.62,38535,0,1
2023-06-02 00:00:00+00:00,5.69,5.78,5.5600000000000005,5.66,46700,5.69,5.78,5.5600000000000005,5.66,46700,0,1
2023-06-05 00:00:00+00:00,5.94,5.99,5.74,5.99,88791,5.94,5.99,5.74,5.99,88791,0,1
2023-06-06 00:00:00+00:00,5.71,6.025,5.69,5.97,96275,5.71,6.025,5.69,5.97,96275,0,1
2023-06-07 00:00:00+00:00,5.71,5.79,5.64,5.73,99848,5.71,5.79,5.64,5.73,99848,0,1
2023-06-08 00:00:00+00:00,5.535,5.74,5.52,5.71,118905,5.535,5.74,5.52,5.71,118905,0,1
2023-06-09 00:00:00+00:00,5.42,5.66,5.38,5.53,45312,5.42,5.66,5.38,5.53,45312,0,1
2023-06-12 00:00:00+00:00,5.48,5.5600000000000005,5.2808,5.42,50543,5.48,5.5600000000000005,5.2808,5.42,50543,0,1
2023-06-13 00:00:00+00:00,5.59,5.6899,5.33,5.5,43136,5.59,5.6899,5.33,5.5,43136,0,1
2023-06-14 00:00:00+00:00,5.35,5.69,5.3,5.59,75763,5.35,5.69,5.3,5.59,75763,0,1
2023-06-15 00:00:00+00:00,5.29,5.4,5.075,5.28,56096,5.29,5.4,5.075,5.28,56096,0,1
2023-06-16 00:00:00+00:00,5.5600000000000005,5.5600000000000005,5.17,5.36,198347,5.5600000000000005,5.5600000000000005,5.17,5.36,198347,0,1
2023-06-20 00:00:00+00:00,5.28,5.51,5.28,5.48,92533,5.28,5.51,5.28,5.48,92533,0,1
2023-06-21 00:00:00+00:00,5.08,5.36,4.985,5.27,89887,5.08,5.36,4.985,5.27,89887,0,1
2023-06-22 00:00:00+00:00,5.0,5.13,4.84,5.07,77482,5.0,5.13,4.84,5.07,77482,0,1
2023-06-23 00:00:00+00:00,4.7,5.02,4.6,4.99,1239915,4.7,5.02,4.6,4.99,1239915,0,1
2023-06-26 00:00:00+00:00,4.45,4.7999,4.25,4.67,166803,4.45,4.7999,4.25,4.67,166803,0,1
2023-06-27 00:00:00+00:00,4.86,4.98,4.37,4.41,121526,4.86,4.98,4.37,4.41,121526,0,1
2023-06-28 00:00:00+00:00,4.64,4.88,4.585,4.85,122668,4.64,4.88,4.585,4.85,122668,0,1
2023-06-29 00:00:00+00:00,4.51,4.85,4.44,4.65,69531,4.51,4.85,4.44,4.65,69531,0,1
2023-06-30 00:00:00+00:00,4.5,4.75,4.4675,4.52,90305,4.5,4.75,4.4675,4.52,90305,0,1
2023-07-03 00:00:00+00:00,4.52,4.59,4.4,4.48,36707,4.52,4.59,4.4,4.48,36707,0,1
2023-07-05 00:00:00+00:00,4.65,4.93,4.46,4.72,74503,4.65,4.93,4.46,4.72,74503,0,1
2023-07-06 00:00:00+00:00,4.38,4.74,4.245,4.59,35573,4.38,4.74,4.245,4.59,35573,0,1
2023-07-07 00:00:00+00:00,4.41,4.7307,4.2501,4.39,82701,4.41,4.7307,4.2501,4.39,82701,0,1
2023-07-10 00:00:00+00:00,4.57,4.71,4.42,4.42,56188,4.57,4.71,4.42,4.42,56188,0,1
2023-07-11 00:00:00+00:00,4.47,4.65,4.43,4.57,71768,4.47,4.65,4.43,4.57,71768,0,1
2023-07-12 00:00:00+00:00,4.61,4.8100000000000005,4.49,4.5600000000000005,57968,4.61,4.8100000000000005,4.49,4.5600000000000005,57968,0,1
2023-07-13 00:00:00+00:00,4.64,4.67,4.485,4.6,39143,4.64,4.67,4.485,4.6,39143,0,1
2023-07-14 00:00:00+00:00,4.36,4.65,4.265,4.65,43243,4.36,4.65,4.265,4.65,43243,0,1
2023-07-17 00:00:00+00:00,4.52,4.665,4.34,4.34,58297,4.52,4.665,4.34,4.34,58297,0,1
2023-07-18 00:00:00+00:00,4.65,4.9799,4.4025,4.49,395978,4.65,4.9799,4.4025,4.49,395978,0,1
2023-07-19 00:00:00+00:00,4.79,4.93,4.51,4.65,59996,4.79,4.93,4.51,4.65,59996,0,1
2023-07-20 00:00:00+00:00,4.57,5.01,4.4875,4.79,39448,4.57,5.01,4.4875,4.79,39448,0,1
2023-07-21 00:00:00+00:00,4.57,4.72,4.47,4.61,16905,4.57,4.72,4.47,4.61,16905,0,1
2023-07-24 00:00:00+00:00,4.58,4.66,4.47,4.57,471732,4.58,4.66,4.47,4.57,471732,0,1
2023-07-25 00:00:00+00:00,4.14,4.64,4.07,4.53,76107,4.14,4.64,4.07,4.53,76107,0,1
2023-07-26 00:00:00+00:00,4.12,4.24,4.07,4.11,40934,4.12,4.24,4.07,4.11,40934,0,1
2023-07-27 00:00:00+00:00,4.17,4.21,4.06,4.19,34207,4.17,4.21,4.06,4.19,34207,0,1
2023-07-28 00:00:00+00:00,3.98,4.17,3.9238,4.17,56742,3.98,4.17,3.9238,4.17,56742,0,1
2023-07-31 00:00:00+00:00,3.91,4.11,3.7,4.04,71922,3.91,4.11,3.7,4.04,71922,0,1
2023-08-01 00:00:00+00:00,3.69,3.95,3.61,3.83,64238,3.69,3.95,3.61,3.83,64238,0,1
2023-08-02 00:00:00+00:00,3.75,3.865,3.565,3.73,92666,3.75,3.865,3.565,3.73,92666,0,1
2023-08-03 00:00:00+00:00,3.61,3.75,3.5,3.74,83847,3.61,3.75,3.5,3.74,83847,0,1
2023-08-04 00:00:00+00:00,3.67,3.8,3.54,3.71,59981,3.67,3.8,3.54,3.71,59981,0,1
2023-08-07 00:00:00+00:00,3.67,3.8,3.5300000000000002,3.65,67981,3.67,3.8,3.5300000000000002,3.65,67981,0,1
2023-08-08 00:00:00+00:00,3.5700000000000003,3.735,3.45,3.68,70895,3.5700000000000003,3.735,3.45,3.68,70895,0,1
2023-08-09 00:00:00+00:00,3.56,3.59,3.475,3.59,42083,3.56,3.59,3.475,3.59,42083,0,1
2023-08-10 00:00:00+00:00,3.62,3.68,3.45,3.63,76991,3.62,3.68,3.45,3.63,76991,0,1
2023-08-11 00:00:00+00:00,3.65,3.69,3.55,3.55,69184,3.65,3.69,3.55,3.55,69184,0,1
2023-08-14 00:00:00+00:00,3.68,3.7199999999999998,3.46,3.56,74508,3.68,3.7199999999999998,3.46,3.56,74508,0,1
2023-08-15 00:00:00+00:00,3.77,3.91,3.51,3.67,75243,3.77,3.91,3.51,3.67,75243,0,1
2023-08-16 00:00:00+00:00,3.5700000000000003,3.79,3.51,3.75,55905,3.5700000000000003,3.79,3.51,3.75,55905,0,1
2023-08-17 00:00:00+00:00,3.45,3.62,3.39,3.56,70671,3.45,3.62,3.39,3.56,70671,0,1
2023-08-18 00:00:00+00:00,3.32,3.495,3.3,3.4,63897,3.32,3.495,3.3,3.4,63897,0,1
2023-08-21 00:00:00+00:00,3.34,3.54,3.27,3.3,65125,3.34,3.54,3.27,3.3,65125,0,1
2023-08-22 00:00:00+00:00,3.3,3.46,3.25,3.34,43909,3.3,3.46,3.25,3.34,43909,0,1
2023-08-23 00:00:00+00:00,3.44,3.48,3.17,3.34,463532,3.44,3.48,3.17,3.34,463532,0,1
2023-08-24 00:00:00+00:00,3.58,3.63,3.36,3.42,64486,3.58,3.63,3.36,3.42,64486,0,1
2023-08-25 00:00:00+00:00,3.77,3.83,3.4,3.58,60445,3.77,3.83,3.4,3.58,60445,0,1
2023-08-28 00:00:00+00:00,4.02,4.0686,3.7803,3.87,51685,4.02,4.0686,3.7803,3.87,51685,0,1
2023-08-29 00:00:00+00:00,3.84,4.0183,3.67,3.9699999999999998,503927,3.84,4.0183,3.67,3.9699999999999998,503927,0,1
2023-08-30 00:00:00+00:00,3.83,3.95,3.7199999999999998,3.88,488153,3.83,3.95,3.7199999999999998,3.88,488153,0,1
2023-08-31 00:00:00+00:00,3.73,3.88,3.71,3.81,48793,3.73,3.88,3.71,3.81,48793,0,1
2023-09-01 00:00:00+00:00,3.66,3.84,3.59,3.7199999999999998,41039,3.66,3.84,3.59,3.7199999999999998,41039,0,1
2023-09-05 00:00:00+00:00,3.81,3.83,3.5,3.63,111314,3.81,3.83,3.5,3.63,111314,0,1
2023-09-06 00:00:00+00:00,3.61,3.8,3.5300000000000002,3.8,46968,3.61,3.8,3.5300000000000002,3.8,46968,0,1
2023-09-07 00:00:00+00:00,3.7,3.7800000000000002,3.39,3.61,71800,3.7,3.7800000000000002,3.39,3.61,71800,0,1
2023-09-08 00:00:00+00:00,3.68,3.81,3.5700000000000003,3.69,33637,3.68,3.81,3.5700000000000003,3.69,33637,0,1
2023-09-11 00:00:00+00:00,3.5,3.7800000000000002,3.45,3.65,37777,3.5,3.7800000000000002,3.45,3.65,37777,0,1
2023-09-12 00:00:00+00:00,3.32,3.62,3.31,3.49,44894,3.32,3.62,3.31,3.49,44894,0,1
2023-09-13 00:00:00+00:00,3.17,3.39,3.14,3.31,65613,3.17,3.39,3.14,3.31,65613,0,1
2023-09-14 00:00:00+00:00,3.19,3.2699,3.15,3.17,45672,3.19,3.2699,3.15,3.17,45672,0,1
2023-09-15 00:00:00+00:00,3.18,3.25,3.07,3.19,524930,3.18,3.25,3.07,3.19,524930,0,1
2023-09-18 00:00:00+00:00,3.17,3.285,3.15,3.19,60481,3.17,3.285,3.15,3.19,60481,0,1
2023-09-19 00:00:00+00:00,3.07,3.2,3.01,3.16,82452,3.07,3.2,3.01,3.16,82452,0,1
2023-09-20 00:00:00+00:00,2.96,3.11,2.94,3.11,78522,2.96,3.11,2.94,3.11,78522,0,1
2023-09-21 00:00:00+00:00,2.79,2.98,2.75,2.98,112224,2.79,2.98,2.75,2.98,112224,0,1
2023-09-22 00:00:00+00:00,2.81,2.94,2.66,2.8,175947,2.81,2.94,2.66,2.8,175947,0,1
2023-09-25 00:00:00+00:00,2.8,2.87,2.65,2.79,92611,2.8,2.87,2.65,2.79,92611,0,1
2023-09-26 00:00:00+00:00,2.74,2.99,2.7199999999999998,2.76,38343,2.74,2.99,2.7199999999999998,2.76,38343,0,1
2023-09-27 00:00:00+00:00,3.07,3.09,2.74,2.81,440375,3.07,3.09,2.74,2.81,440375,0,1
2023-09-28 00:00:00+00:00,3.04,3.13,2.87,3.04,59777,3.04,3.13,2.87,3.04,59777,0,1
2023-09-29 00:00:00+00:00,3.09,3.17,3.0159,3.05,57113,3.09,3.17,3.0159,3.05,57113,0,1
2023-10-02 00:00:00+00:00,2.765,3.17,2.68,3.09,97613,2.765,3.17,2.68,3.09,97613,0,1
2023-10-03 00:00:00+00:00,2.7800000000000002,2.885,2.7108,2.7787,67617,2.7800000000000002,2.885,2.7108,2.7787,67617,0,1
2023-10-04 00:00:00+00:00,2.69,2.805,2.65,2.79,45510,2.69,2.805,2.65,2.79,45510,0,1
2023-10-05 00:00:00+00:00,2.7800000000000002,2.83,2.65,2.75,47297,2.7800000000000002,2.83,2.65,2.75,47297,0,1
2023-10-06 00:00:00+00:00,2.69,2.92,2.66,2.745,77921,2.69,2.92,2.66,2.745,77921,0,1
2023-10-09 00:00:00+00:00,2.43,2.9699999999999998,2.4,2.8200000000000003,57363,2.43,2.9699999999999998,2.4,2.8200000000000003,57363,0,1
2023-10-10 00:00:00+00:00,2.75,2.86,2.37,2.37,65043,2.75,2.86,2.37,2.37,65043,0,1
2023-10-11 00:00:00+00:00,2.71,2.924,2.59,2.88,49322,2.71,2.924,2.59,2.88,49322,0,1
2023-10-12 00:00:00+00:00,2.47,2.7298999999999998,2.45,2.69,56564,2.47,2.7298999999999998,2.45,2.69,56564,0,1
2023-10-13 00:00:00+00:00,2.42,2.6550000000000002,2.36,2.5749,95649,2.42,2.6550000000000002,2.36,2.5749,95649,0,1
2023-10-16 00:00:00+00:00,2.45,2.6107,2.4,2.42,67187,2.45,2.6107,2.4,2.42,67187,0,1
2023-10-17 00:00:00+00:00,2.5700000000000003,2.88,2.49,2.51,60738,2.5700000000000003,2.88,2.49,2.51,60738,0,1
2023-10-18 00:00:00+00:00,2.38,2.565,2.33,2.52,62530,2.38,2.565,2.33,2.52,62530,0,1
2023-10-19 00:00:00+00:00,2.32,2.43,2.308,2.41,43968,2.32,2.43,2.308,2.41,43968,0,1
2023-10-20 00:00:00+00:00,2.39,2.45,2.25,2.3,87827,2.39,2.45,2.25,2.3,87827,0,1
2023-10-23 00:00:00+00:00,2.14,2.43,2.11,2.41,96279,2.14,2.43,2.11,2.41,96279,0,1
2023-10-24 00:00:00+00:00,2.11,2.26,2.11,2.14,49788,2.11,2.26,2.11,2.14,49788,0,1
2023-10-25 00:00:00+00:00,2.07,2.22,2.05,2.1,35615,2.07,2.22,2.05,2.1,35615,0,1
2023-10-26 00:00:00+00:00,2.0,2.18,1.9500000000000002,2.18,38630,2.0,2.18,1.9500000000000002,2.18,38630,0,1
2023-10-27 00:00:00+00:00,1.81,2.17,1.7850000000000001,2.01,109002,1.81,2.17,1.7850000000000001,2.01,109002,0,1
2023-10-30 00:00:00+00:00,1.79,2.0,1.7601,1.96,202396,1.79,2.0,1.7601,1.96,202396,0,1
2023-10-31 00:00:00+00:00,1.69,1.88,1.6800000000000002,1.78,212990,1.69,1.88,1.6800000000000002,1.78,212990,0,1
2023-11-01 00:00:00+00:00,1.8599999999999999,1.9300000000000002,1.6600000000000001,1.6600000000000001,118058,1.8599999999999999,1.9300000000000002,1.6600000000000001,1.6600000000000001,118058,0,1
2023-11-02 00:00:00+00:00,2.21,2.25,1.74,1.74,3066694,2.21,2.25,1.74,1.74,3066694,0,1
2023-11-03 00:00:00+00:00,2.27,2.478,2.07,2.31,600962,2.27,2.478,2.07,2.31,600962,0,1
2023-11-06 00:00:00+00:00,2.95,3.21,2.05,2.29,506657,2.95,3.21,2.05,2.29,506657,0,1
2023-11-07 00:00:00+00:00,3.01,3.13,2.76,2.96,160016,3.01,3.13,2.76,2.96,160016,0,1
2023-11-08 00:00:00+00:00,3.0,3.05,2.8,3.03,121491,3.0,3.05,2.8,3.03,121491,0,1
2023-11-09 00:00:00+00:00,3.02,3.07,2.95,3.0,147637,3.02,3.07,2.95,3.0,147637,0,1
2023-11-10 00:00:00+00:00,3.01,3.02,2.6301,2.99,142605,3.01,3.02,2.6301,2.99,142605,0,1
2023-11-13 00:00:00+00:00,3.01,3.2152,3.0,3.03,96831,3.01,3.2152,3.0,3.03,96831,0,1
2023-11-14 00:00:00+00:00,3.2,3.27,3.0,3.04,109310,3.2,3.27,3.0,3.04,109310,0,1
2023-11-15 00:00:00+00:00,3.39,3.74,3.12,3.2,163387,3.39,3.74,3.12,3.2,163387,0,1
2023-11-16 00:00:00+00:00,3.4,3.51,3.2201,3.33,88574,3.4,3.51,3.2201,3.33,88574,0,1
2023-11-17 00:00:00+00:00,3.6,3.62,3.34,3.36,57076,3.6,3.62,3.34,3.36,57076,0,1
2023-11-20 00:00:00+00:00,3.44,3.62,3.39,3.62,44505,3.44,3.62,3.39,3.62,44505,0,1
2023-11-21 00:00:00+00:00,3.23,3.37,3.2,3.32,28844,3.23,3.37,3.2,3.32,28844,0,1
2023-11-22 00:00:00+00:00,3.37,3.39,3.19,3.25,23554,3.37,3.39,3.19,3.25,23554,0,1
2023-11-24 00:00:00+00:00,3.33,3.4214,3.31,3.41,13249,3.33,3.4214,3.31,3.41,13249,0,1
2023-11-27 00:00:00+00:00,3.25,3.46,3.25,3.37,62264,3.25,3.46,3.25,3.37,62264,0,1
2023-11-28 00:00:00+00:00,3.31,3.4,3.2,3.2,27550,3.31,3.4,3.2,3.2,27550,0,1
2023-11-29 00:00:00+00:00,3.36,3.47,3.31,3.38,74708,3.36,3.47,3.31,3.38,74708,0,1
2023-11-30 00:00:00+00:00,3.31,3.45,3.26,3.36,106333,3.31,3.45,3.26,3.36,106333,0,1
2023-12-01 00:00:00+00:00,3.225,3.27,3.11,3.21,77171,3.225,3.27,3.11,3.21,77171,0,1
2023-12-04 00:00:00+00:00,3.2,3.31,3.11,3.21,65900,3.2,3.31,3.11,3.21,65900,0,1
2023-12-05 00:00:00+00:00,3.06,3.215,2.9,3.12,1157910,3.06,3.215,2.9,3.12,1157910,0,1
2023-12-06 00:00:00+00:00,2.9,3.09,2.86,3.08,69917,2.9,3.09,2.86,3.08,69917,0,1
2023-12-07 00:00:00+00:00,3.24,3.34,2.86,2.91,1242723,3.24,3.34,2.86,2.91,1242723,0,1
2023-12-08 00:00:00+00:00,3.36,3.49,3.24,3.24,129764,3.36,3.49,3.24,3.24,129764,0,1
2023-12-11 00:00:00+00:00,3.3,3.48,3.11,3.33,1218666,3.3,3.48,3.11,3.33,1218666,0,1
2023-12-12 00:00:00+00:00,3.4,3.45,3.25,3.4050000000000002,343109,3.4,3.45,3.25,3.4050000000000002,343109,0,1
2023-12-13 00:00:00+00:00,3.73,3.8,3.395,3.43,134818,3.73,3.8,3.395,3.43,134818,0,1
2023-12-14 00:00:00+00:00,4.01,4.27,3.7199999999999998,3.7800000000000002,230298,4.01,4.27,3.7199999999999998,3.7800000000000002,230298,0,1
2023-12-15 00:00:00+00:00,4.35,4.44,4.03,4.04,456135,4.35,4.44,4.03,4.04,456135,0,1
2023-12-18 00:00:00+00:00,4.37,4.65,4.21,4.4,194013,4.37,4.65,4.21,4.4,194013,0,1
2023-12-19 00:00:00+00:00,4.04,4.25,3.86,4.11,130109,4.04,4.25,3.86,4.11,130109,0,1
2023-12-20 00:00:00+00:00,3.9699999999999998,4.58,3.927,3.9699999999999998,120134,3.9699999999999998,4.58,3.927,3.9699999999999998,120134,0,1
2023-12-21 00:00:00+00:00,4.06,4.26,3.85,3.96,103233,4.06,4.26,3.85,3.96,103233,0,1
2023-12-22 00:00:00+00:00,4.21,4.31,4.05,4.11,59606,4.21,4.31,4.05,4.11,59606,0,1
2023-12-26 00:00:00+00:00,4.18,4.34,4.15,4.29,44054,4.18,4.34,4.15,4.29,44054,0,1
2023-12-27 00:00:00+00:00,4.03,4.225,3.95,4.17,48999,4.03,4.225,3.95,4.17,48999,0,1
2023-12-28 00:00:00+00:00,4.15,4.26,3.99,4.0,45348,4.15,4.26,3.99,4.0,45348,0,1
2023-12-29 00:00:00+00:00,4.27,4.41,3.85,4.11,99801,4.27,4.41,3.85,4.11,99801,0,1
2024-01-02 00:00:00+00:00,4.07,4.4,4.0,4.27,79568,4.07,4.4,4.0,4.27,79568,0,1
2024-01-03 00:00:00+00:00,3.7800000000000002,4.1767,3.75,4.09,78892,3.7800000000000002,4.1767,3.75,4.09,78892,0,1
2024-01-04 00:00:00+00:00,3.77,3.92,3.75,3.8200000000000003,36038,3.77,3.92,3.75,3.8200000000000003,36038,0,1
2024-01-05 00:00:00+00:00,3.7800000000000002,3.92,3.75,3.75,32504,3.7800000000000002,3.92,3.75,3.75,32504,0,1
2024-01-08 00:00:00+00:00,3.99,4.16,3.75,3.77,73109,3.99,4.16,3.75,3.77,73109,0,1
2024-01-09 00:00:00+00:00,4.06,4.235,3.91,4.05,47834,4.06,4.235,3.91,4.05,47834,0,1
2024-01-10 00:00:00+00:00,3.94,4.075,3.9,4.05,40590,3.94,4.075,3.9,4.05,40590,0,1
2024-01-11 00:00:00+00:00,3.87,4.12,3.8304,3.93,41714,3.87,4.12,3.8304,3.93,41714,0,1
2024-01-12 00:00:00+00:00,3.7800000000000002,3.94,3.75,3.89,30149,3.7800000000000002,3.94,3.75,3.89,30149,0,1
2024-01-16 00:00:00+00:00,3.47,3.92,3.38,3.77,172559,3.47,3.92,3.38,3.77,172559,0,1
2024-01-17 00:00:00+00:00,3.52,3.54,3.315,3.43,67523,3.52,3.54,3.315,3.43,67523,0,1
2024-01-18 00:00:00+00:00,3.41,3.62,3.33,3.5,36410,3.41,3.62,3.33,3.5,36410,0,1
2024-01-19 00:00:00+00:00,3.25,3.4699,3.1701,3.44,42683,3.25,3.4699,3.1701,3.44,42683,0,1
2024-01-22 00:00:00+00:00,3.3,3.3199,3.19,3.26,21402,3.3,3.3199,3.19,3.26,21402,0,1
2024-01-23 00:00:00+00:00,3.19,3.49,3.1,3.35,79381,3.19,3.49,3.1,3.35,79381,0,1
2024-01-24 00:00:00+00:00,3.08,3.145,3.0,3.11,38878,3.08,3.145,3.0,3.11,38878,0,1
2024-01-25 00:00:00+00:00,3.34,3.4,3.1,3.13,63456,3.34,3.4,3.1,3.13,63456,0,1
2024-01-26 00:00:00+00:00,3.58,3.65,3.32,3.48,55381,3.58,3.65,3.32,3.48,55381,0,1
2024-01-29 00:00:00+00:00,3.6,3.8,3.49,3.66,55042,3.6,3.8,3.49,3.66,55042,0,1
2024-01-30 00:00:00+00:00,3.49,3.5700000000000003,3.325,3.5700000000000003,27996,3.49,3.5700000000000003,3.325,3.5700000000000003,27996,0,1
2024-01-31 00:00:00+00:00,3.2800000000000002,3.5700000000000003,3.25,3.51,29527,3.2800000000000002,3.5700000000000003,3.25,3.51,29527,0,1
2024-02-01 00:00:00+00:00,3.27,3.51,3.11,3.25,91457,3.27,3.51,3.11,3.25,91457,0,1
2024-02-02 00:00:00+00:00,3.05,3.25,3.05,3.25,88841,3.05,3.25,3.05,3.25,88841,0,1
2024-02-05 00:00:00+00:00,2.92,3.295,2.92,3.08,95656,2.92,3.295,2.92,3.08,95656,0,1
2024-02-06 00:00:00+00:00,2.92,3.05,2.89,2.96,35562,2.92,3.05,2.89,2.96,35562,0,1
2024-02-07 00:00:00+00:00,2.94,3.08,2.91,2.95,42302,2.94,3.08,2.91,2.95,42302,0,1
2024-02-08 00:00:00+00:00,2.68,3.025,2.63,2.96,107720,2.68,3.025,2.63,2.96,107720,0,1
2024-02-09 00:00:00+00:00,3.06,3.06,2.62,2.62,111893,3.06,3.06,2.62,2.62,111893,0,1
2024-02-12 00:00:00+00:00,3.22,3.26,3.06,3.08,256338,3.22,3.26,3.06,3.08,256338,0,1
2024-02-13 00:00:00+00:00,3.12,3.22,3.06,3.06,52462,3.12,3.22,3.06,3.06,52462,0,1
2024-02-14 00:00:00+00:00,3.38,3.45,3.09,3.18,63067,3.38,3.45,3.09,3.18,63067,0,1
2024-02-15 00:00:00+00:00,3.48,3.68,3.3728,3.45,154737,3.48,3.68,3.3728,3.45,154737,0,1
2024-02-16 00:00:00+00:00,4.63,4.75,3.49,3.5,433582,4.63,4.75,3.49,3.5,433582,0,1
2024-02-20 00:00:00+00:00,4.16,4.5600000000000005,3.85,4.5600000000000005,175926,4.16,4.5600000000000005,3.85,4.5600000000000005,175926,0,1
2024-02-21 00:00:00+00:00,3.7800000000000002,4.33,3.66,4.1,86734,3.7800000000000002,4.33,3.66,4.1,86734,0,1
2024-02-22 00:00:00+00:00,3.87,3.93,3.42,3.73,132309,3.87,3.93,3.42,3.73,132309,0,1
2024-02-23 00:00:00+00:00,3.96,4.05,3.5966,3.79,157891,3.96,4.05,3.5966,3.79,157891,0,1
2024-02-26 00:00:00+00:00,4.09,4.19,3.9699999999999998,3.9699999999999998,52756,4.09,4.19,3.9699999999999998,3.9699999999999998,52756,0,1
2024-02-27 00:00:00+00:00,4.19,4.49,3.76,4.08,92427,4.19,4.49,3.76,4.08,92427,0,1
2024-02-28 00:00:00+00:00,4.17,4.25,4.05,4.25,55375,4.17,4.25,4.05,4.25,55375,0,1
2024-02-29 00:00:00+00:00,4.3,4.48,4.13,4.29,75610,4.3,4.48,4.13,4.29,75610,0,1
2024-03-01 00:00:00+00:00,4.59,4.6348,4.04,4.29,62327,4.59,4.6348,4.04,4.29,62327,0,1
2024-03-04 00:00:00+00:00,4.25,4.67,4.1206,4.61,61277,4.25,4.67,4.1206,4.61,61277,0,1
2024-03-05 00:00:00+00:00,4.15,4.25,4.0701,4.2,37449,4.15,4.25,4.0701,4.2,37449,0,1
2024-03-06 00:00:00+00:00,4.17,4.45,3.88,4.21,49392,4.17,4.45,3.88,4.21,49392,0,1
2024-03-07 00:00:00+00:00,4.38,4.45,4.11,4.17,72627,4.38,4.45,4.11,4.17,72627,0,1
2024-03-08 00:00:00+00:00,4.42,4.45,4.2792,4.44,30060,4.42,4.45,4.2792,4.44,30060,0,1
2024-03-11 00:00:00+00:00,4.09,4.42,4.09,4.42,60577,4.09,4.42,4.09,4.42,60577,0,1
2024-03-12 00:00:00+00:00,4.1,4.19,3.92,4.14,44273,4.1,4.19,3.92,4.14,44273,0,1
2024-03-13 00:00:00+00:00,4.62,4.66,4.17,4.17,42958,4.62,4.66,4.17,4.17,42958,0,1
2024-03-14 00:00:00+00:00,4.46,4.63,4.355,4.57,26481,4.46,4.63,4.355,4.57,26481,0,1
2024-03-15 00:00:00+00:00,4.74,4.75,4.2153,4.34,142906,4.74,4.75,4.2153,4.34,142906,0,1
2024-03-18 00:00:00+00:00,4.65,4.93,4.61,4.82,45520,4.65,4.93,4.61,4.82,45520,0,1
2024-03-19 00:00:00+00:00,4.84,4.9386,4.54,4.63,48078,4.84,4.9386,4.54,4.63,48078,0,1
2024-03-20 00:00:00+00:00,4.84,4.94,4.74,4.94,27161,4.84,4.94,4.74,4.94,27161,0,1
2024-03-21 00:00:00+00:00,4.82,4.975,4.7502,4.93,28586,4.82,4.975,4.7502,4.93,28586,0,1
2024-03-22 00:00:00+00:00,4.7,4.9,4.6363,4.83,28969,4.7,4.9,4.6363,4.83,28969,0,1
2024-03-25 00:00:00+00:00,4.61,4.9228000000000005,4.53,4.67,35697,4.61,4.9228000000000005,4.53,4.67,35697,0,1
2024-03-26 00:00:00+00:00,4.61,4.82,4.49,4.5600000000000005,27359,4.61,4.82,4.49,4.5600000000000005,27359,0,1
2024-03-27 00:00:00+00:00,4.77,4.92,4.5600000000000005,4.68,33947,4.77,4.92,4.5600000000000005,4.68,33947,0,1
2024-03-28 00:00:00+00:00,4.74,4.995,4.72,4.8,32074,4.74,4.995,4.72,4.8,32074,0,1
2024-04-01 00:00:00+00:00,4.69,4.93,4.6101,4.76,14314,4.69,4.93,4.6101,4.76,14314,0,1
2024-04-02 00:00:00+00:00,4.62,4.65,4.41,4.63,31906,4.62,4.65,4.41,4.63,31906,0,1
2024-04-03 00:00:00+00:00,4.72,4.755,4.52,4.52,28329,4.72,4.755,4.52,4.52,28329,0,1
2024-04-04 00:00:00+00:00,4.74,4.85,4.58,4.72,21812,4.74,4.85,4.58,4.72,21812,0,1
2024-04-05 00:00:00+00:00,4.7,4.98,4.47,4.67,17673,4.7,4.98,4.47,4.67,17673,0,1
2024-04-08 00:00:00+00:00,4.7,4.82,4.6,4.72,15589,4.7,4.82,4.6,4.72,15589,0,1
2024-04-09 00:00:00+00:00,4.99,5.07,4.5600000000000005,4.69,64215,4.99,5.07,4.5600000000000005,4.69,64215,0,1
2024-04-10 00:00:00+00:00,4.95,5.17,4.67,4.82,24121,4.95,5.17,4.67,4.82,24121,0,1
2024-04-11 00:00:00+00:00,5.22,5.35,4.855,4.94,45170,5.22,5.35,4.855,4.94,45170,0,1
2024-04-12 00:00:00+00:00,5.62,5.77,5.12,5.27,58031,5.62,5.77,5.12,5.27,58031,0,1
2024-04-15 00:00:00+00:00,5.63,5.83,5.4164,5.75,89987,5.63,5.83,5.4164,5.75,89987,0,1
2024-04-16 00:00:00+00:00,4.91,5.63,4.79,5.63,38381,4.91,5.63,4.79,5.63,38381,0,1
2024-04-17 00:00:00+00:00,4.18,4.98,4.1,4.8,68937,4.18,4.98,4.1,4.8,68937,0,1
2024-04-18 00:00:00+00:00,3.44,4.18,3.42,4.16,112889,3.44,4.18,3.42,4.16,112889,0,1
2024-04-19 00:00:00+00:00,3.7199999999999998,3.86,3.45,3.45,57910,3.7199999999999998,3.86,3.45,3.45,57910,0,1
2024-04-22 00:00:00+00:00,3.85,3.9643,3.75,3.75,50051,3.85,3.9643,3.75,3.75,50051,0,1
2024-04-23 00:00:00+00:00,3.87,4.07,3.87,3.89,24900,3.87,4.07,3.87,3.89,24900,0,1
2024-04-24 00:00:00+00:00,3.87,4.13,3.87,3.87,28584,3.87,4.13,3.87,3.87,28584,0,1
2024-04-25 00:00:00+00:00,4.04,4.09,3.99,3.99,115746,4.04,4.09,3.99,3.99,115746,0,1
2024-04-26 00:00:00+00:00,4.07,4.07,3.99,4.05,18553,4.07,4.07,3.99,4.05,18553,0,1
2024-04-29 00:00:00+00:00,3.84,4.02,3.8,3.98,18678,3.84,4.02,3.8,3.98,18678,0,1
2024-04-30 00:00:00+00:00,3.77,3.86,3.56,3.84,48436,3.77,3.86,3.56,3.84,48436,0,1
2024-05-01 00:00:00+00:00,3.73,3.8,3.65,3.7199999999999998,22025,3.73,3.8,3.65,3.7199999999999998,22025,0,1
2024-05-02 00:00:00+00:00,3.99,4.0199,3.75,3.7800000000000002,27359,3.99,4.0199,3.75,3.7800000000000002,27359,0,1
2024-05-03 00:00:00+00:00,3.86,4.11,3.795,4.03,17251,3.86,4.11,3.795,4.03,17251,0,1
2024-05-06 00:00:00+00:00,3.83,4.06,3.83,3.88,22713,3.83,4.06,3.83,3.88,22713,0,1
2024-05-07 00:00:00+00:00,3.7,4.12,3.65,4.0,36872,3.7,4.12,3.65,4.0,36872,0,1
2024-05-08 00:00:00+00:00,3.59,3.9345,3.59,3.69,41402,3.59,3.9345,3.59,3.69,41402,0,1
2024-05-09 00:00:00+00:00,4.07,4.1,3.62,3.62,52898,4.07,4.1,3.62,3.62,52898,0,1
2024-05-10 00:00:00+00:00,3.73,4.04,3.69,4.04,53753,3.73,4.04,3.69,4.04,53753,0,1
2024-05-13 00:00:00+00:00,3.8,3.95,3.75,3.7626,21629,3.8,3.95,3.75,3.7626,21629,0,1
2024-05-14 00:00:00+00:00,3.86,4.06,3.7205,3.89,27741,3.86,4.06,3.7205,3.89,27741,0,1
2024-05-15 00:00:00+00:00,4.0,4.21,3.84,3.84,48888,4.0,4.21,3.84,3.84,48888,0,1
2024-05-16 00:00:00+00:00,4.28,4.42,3.86,3.86,51711,4.28,4.42,3.86,3.86,51711,0,1
2024-05-17 00:00:00+00:00,4.0,4.37,3.99,4.29,40809,4.0,4.37,3.99,4.29,40809,0,1
2024-05-20 00:00:00+00:00,4.12,4.21,3.9,3.94,21967,4.12,4.21,3.9,3.94,21967,0,1
2024-05-21 00:00:00+00:00,4.09,4.3099,4.02,4.2075,29802,4.09,4.3099,4.02,4.2075,29802,0,1
2024-05-22 00:00:00+00:00,4.12,4.42,3.86,3.86,17612,4.12,4.42,3.86,3.86,17612,0,1
2024-05-23 00:00:00+00:00,4.04,4.35,3.89,3.98,41746,4.04,4.35,3.89,3.98,41746,0,1
2024-05-24 00:00:00+00:00,4.09,4.28,3.91,4.19,25733,4.09,4.28,3.91,4.19,25733,0,1
2024-05-28 00:00:00+00:00,3.71,4.215,3.7,4.06,74725,3.71,4.215,3.7,4.06,74725,0,1
2024-05-29 00:00:00+00:00,3.32,3.95,3.32,3.7199999999999998,73018,3.32,3.95,3.32,3.7199999999999998,73018,0,1
2024-05-30 00:00:00+00:00,3.87,4.1299,3.37,3.37,68418,3.87,4.1299,3.37,3.37,68418,0,1
2024-05-31 00:00:00+00:00,3.85,3.94,3.594,3.84,85083,3.85,3.94,3.594,3.84,85083,0,1
2024-06-03 00:00:00+00:00,3.69,4.025,3.63,3.92,31565,3.69,4.025,3.63,3.92,31565,0,1
2024-06-04 00:00:00+00:00,3.56,3.76,3.46,3.76,59106,3.56,3.76,3.46,3.76,59106,0,1
2024-06-05 00:00:00+00:00,3.77,3.88,3.51,3.61,22647,3.77,3.88,3.51,3.61,22647,0,1
2024-06-06 00:00:00+00:00,3.7800000000000002,3.8200000000000003,3.7,3.7199999999999998,34492,3.7800000000000002,3.8200000000000003,3.7,3.7199999999999998,34492,0,1
2024-06-07 00:00:00+00:00,3.75,3.79,3.635,3.79,17970,3.75,3.79,3.635,3.79,17970,0,1
2024-06-10 00:00:00+00:00,3.96,4.015,3.59,3.59,55274,3.96,4.015,3.59,3.59,55274,0,1
2024-06-11 00:00:00+00:00,4.02,4.065,3.85,3.88,46596,4.02,4.065,3.85,3.88,46596,0,1
2024-06-12 00:00:00+00:00,4.03,4.44,3.89,4.19,69567,4.03,4.44,3.89,4.19,69567,0,1
2024-06-13 00:00:00+00:00,3.9,4.03,3.86,4.02,27408,3.9,4.03,3.86,4.02,27408,0,1
2024-06-14 00:00:00+00:00,3.9,3.9079,3.66,3.84,32316,3.9,3.9079,3.66,3.84,32316,0,1
2024-06-17 00:00:00+00:00,3.93,3.95,3.7222,3.88,27159,3.93,3.95,3.7222,3.88,27159,0,1
2024-06-18 00:00:00+00:00,3.87,3.95,3.7800000000000002,3.7800000000000002,70877,3.87,3.95,3.7800000000000002,3.7800000000000002,70877,0,1
2024-06-20 00:00:00+00:00,3.705,3.8744,3.6,3.75,87437,3.705,3.8744,3.6,3.75,87437,0,1
2024-06-21 00:00:00+00:00,3.8200000000000003,3.85,3.6,3.75,78015,3.8200000000000003,3.85,3.6,3.75,78015,0,1
2024-06-24 00:00:00+00:00,3.93,3.93,3.76,3.8,25244,3.93,3.93,3.76,3.8,25244,0,1
2024-06-25 00:00:00+00:00,3.79,3.93,3.67,3.93,34648,3.79,3.93,3.67,3.93,34648,0,1
2024-06-26 00:00:00+00:00,3.7,3.79,3.65,3.7800000000000002,32000,3.7,3.79,3.65,3.7800000000000002,32000,0,1
2024-06-27 00:00:00+00:00,3.69,3.7437,3.62,3.71,21865,3.69,3.7437,3.62,3.71,21865,0,1
2024-06-28 00:00:00+00:00,3.81,3.88,3.6,3.71,208471,3.81,3.88,3.6,3.71,208471,0,1
2024-07-01 00:00:00+00:00,3.77,3.87,3.625,3.754,36382,3.77,3.87,3.625,3.754,36382,0,1
2024-07-02 00:00:00+00:00,3.73,3.8,3.66,3.8,10241,3.73,3.8,3.66,3.8,10241,0,1
2024-07-03 00:00:00+00:00,3.62,3.7,3.58,3.7,10000,3.62,3.7,3.58,3.7,10000,0,1
2024-07-05 00:00:00+00:00,3.6,3.67,3.56,3.63,9961,3.6,3.67,3.56,3.63,9961,0,1
2024-07-08 00:00:00+00:00,3.45,3.8453,3.41,3.65,24900,3.45,3.8453,3.41,3.65,24900,0,1
2024-07-09 00:00:00+00:00,3.46,3.6799,3.33,3.46,201147,3.46,3.6799,3.33,3.46,201147,0,1
2024-07-10 00:00:00+00:00,3.59,3.7099,3.3877,3.47,80768,3.59,3.7099,3.3877,3.47,80768,0,1
2024-07-11 00:00:00+00:00,3.9699999999999998,4.245,3.45,3.71,430799,3.9699999999999998,4.245,3.45,3.71,430799,0,1
2024-07-12 00:00:00+00:00,4.5600000000000005,4.745,3.91,3.99,118512,4.5600000000000005,4.745,3.91,3.99,118512,0,1
2024-07-15 00:00:00+00:00,5.67,5.92,4.46,4.6,309585,5.67,5.92,4.46,4.6,309585,0,1
2024-07-16 00:00:00+00:00,6.21,6.5,5.68,5.68,322630,6.21,6.5,5.68,5.68,322630,0,1
2024-07-17 00:00:00+00:00,6.205,6.68,5.57,6.1,448068,6.205,6.68,5.57,6.1,448068,0,1
2024-07-18 00:00:00+00:00,5.26,6.72,5.25,6.16,274368,5.26,6.72,5.25,6.16,274368,0,1
2024-07-19 00:00:00+00:00,5.16,5.26,4.73,5.26,357823,5.16,5.26,4.73,5.26,357823,0,1
2024-07-22 00:00:00+00:00,5.0,5.315,4.695,5.25,165314,5.0,5.315,4.695,5.25,165314,0,1
2024-07-23 00:00:00+00:00,6.16,6.2,4.83,4.93,285190,6.16,6.2,4.83,4.93,285190,0,1
2024-07-24 00:00:00+00:00,5.83,6.63,5.77,6.1,76565,5.83,6.63,5.77,6.1,76565,0,1
2024-07-25 00:00:00+00:00,5.99,6.085,5.6765,5.84,82772,5.99,6.085,5.6765,5.84,82772,0,1
2024-07-26 00:00:00+00:00,5.79,6.0,5.7,6.0,36159,5.79,6.0,5.7,6.0,36159,0,1
2024-07-29 00:00:00+00:00,5.45,5.93,5.28,5.82,71852,5.45,5.93,5.28,5.82,71852,0,1
2024-07-30 00:00:00+00:00,5.94,5.9964,5.3301,5.47,71850,5.94,5.9964,5.3301,5.47,71850,0,1
2024-07-31 00:00:00+00:00,6.37,6.76,5.682,5.94,158883,6.37,6.76,5.682,5.94,158883,0,1
2024-08-01 00:00:00+00:00,5.65,6.3999,5.59,6.38,59033,5.65,6.3999,5.59,6.38,59033,0,1
2024-08-02 00:00:00+00:00,5.84,6.1144,5.29,5.29,92384,5.84,6.1144,5.29,5.29,92384,0,1
2024-08-05 00:00:00+00:00,5.12,5.48,4.97,5.3,136041,5.12,5.48,4.97,5.3,136041,0,1
2024-08-06 00:00:00+00:00,5.59,5.69,4.87,5.12,200713,5.59,5.69,4.87,5.12,200713,0,1
2024-08-07 00:00:00+00:00,5.1,5.85,5.06,5.74,402112,5.1,5.85,5.06,5.74,402112,0,1
2024-08-08 00:00:00+00:00,5.44,5.6399,4.74,5.12,124090,5.44,5.6399,4.74,5.12,124090,0,1
2024-08-09 00:00:00+00:00,5.1,5.61,4.99,5.47,78884,5.1,5.61,4.99,5.47,78884,0,1
2024-08-12 00:00:00+00:00,4.75,5.198,4.5,5.0,97134,4.75,5.198,4.5,5.0,97134,0,1
2024-08-13 00:00:00+00:00,6.2,6.34,4.7,4.7,250810,6.2,6.34,4.7,4.7,250810,0,1
2024-08-14 00:00:00+00:00,5.16,6.8,5.16,6.34,191355,5.16,6.8,5.16,6.34,191355,0,1
2024-08-15 00:00:00+00:00,5.77,5.84,5.3049,5.31,95377,5.77,5.84,5.3049,5.31,95377,0,1
2024-08-16 00:00:00+00:00,5.21,5.77,5.19,5.7,90522,5.21,5.77,5.19,5.7,90522,0,1
2024-08-19 00:00:00+00:00,5.87,5.89,5.1101,5.2,146986,5.87,5.89,5.1101,5.2,146986,0,1
2024-08-20 00:00:00+00:00,5.28,5.85,5.26,5.83,266292,5.28,5.85,5.26,5.83,266292,0,1
2024-08-21 00:00:00+00:00,5.36,5.59,5.25,5.34,192581,5.36,5.59,5.25,5.34,192581,0,1
2024-08-22 00:00:00+00:00,5.59,5.7323,5.35,5.43,255005,5.59,5.7323,5.35,5.43,255005,0,1
2024-08-23 00:00:00+00:00,5.37,5.945,5.35,5.68,166620,5.37,5.945,5.35,5.68,166620,0,1
2024-08-26 00:00:00+00:00,5.48,5.64,5.28,5.45,193045,5.48,5.64,5.28,5.45,193045,0,1
